"game","tier","slug","filename","text","shared","note"
"Red Light / Green Light","system","green-light","green-light.mp3","Green light!","",""
"Red Light / Green Light","system","yellow-light","yellow-light.mp3","Yellow light!","","only spoken when Yellow Light toggle is ON"
"Red Light / Green Light","system","red-light","red-light.mp3","Red light!","",""
"Red Light / Green Light","system","time-is-up-great-job","time-is-up-great-job.mp3","Time is up! Great job!","yes","closing line"
"Floor is Lava","system","hop-on-one-foot","hop-on-one-foot.mp3","Hop on one foot!","","Test Voice button line"
"Floor is Lava","system","time-is-up-great-job","time-is-up-great-job.mp3","Time is up! Great job!","yes","closing line (shared filename with Red Light)"
"Floor is Lava","content","spin-in-a-circle","spin-in-a-circle.mp3","Spin in a circle!","",""
"Floor is Lava","content","jump-up-and-down","jump-up-and-down.mp3","Jump up and down!","",""
"Floor is Lava","content","clap-five-times","clap-five-times.mp3","Clap five times!","",""
"Floor is Lava","content","stand-on-tiptoes","stand-on-tiptoes.mp3","Stand on tiptoes!","",""
"Floor is Lava","content","skip-in-place","skip-in-place.mp3","Skip in place!","",""
"Floor is Lava","content","run-in-place","run-in-place.mp3","Run in place!","",""
"Floor is Lava","content","hop-forward-five-times","hop-forward-five-times.mp3","Hop forward five times!","",""
"Floor is Lava","content","hop-backward-five-times","hop-backward-five-times.mp3","Hop backward five times!","",""
"Floor is Lava","content","bounce-on-your-toes","bounce-on-your-toes.mp3","Bounce on your toes!","",""
"Floor is Lava","content","wiggle-your-whole-body","wiggle-your-whole-body.mp3","Wiggle your whole body!","",""
"Floor is Lava","content","spin-like-a-top","spin-like-a-top.mp3","Spin like a top!","",""
"Floor is Lava","content","march-around-the-room","march-around-the-room.mp3","March around the room!","",""
"Floor is Lava","content","walk-backwards","walk-backwards.mp3","Walk backwards!","",""
"Floor is Lava","content","tiptoe-slowly","tiptoe-slowly.mp3","Tiptoe slowly!","",""
"Floor is Lava","content","crawl-on-hands-and-knees","crawl-on-hands-and-knees.mp3","Crawl on hands and knees!","",""
"Floor is Lava","content","bark-like-a-dog","bark-like-a-dog.mp3","Bark like a dog!","",""
"Floor is Lava","content","roar-like-a-lion","roar-like-a-lion.mp3","Roar like a lion!","",""
"Floor is Lava","content","hop-like-a-bunny","hop-like-a-bunny.mp3","Hop like a bunny!","",""
"Floor is Lava","content","flap-like-a-bird","flap-like-a-bird.mp3","Flap like a bird!","",""
"Floor is Lava","content","slither-like-a-snake","slither-like-a-snake.mp3","Slither like a snake!","",""
"Floor is Lava","content","stomp-like-an-elephant","stomp-like-an-elephant.mp3","Stomp like an elephant!","",""
"Floor is Lava","content","crawl-like-a-crab","crawl-like-a-crab.mp3","Crawl like a crab!","",""
"Floor is Lava","content","jump-like-a-frog","jump-like-a-frog.mp3","Jump like a frog!","",""
"Floor is Lava","content","howl-like-a-wolf","howl-like-a-wolf.mp3","Howl like a wolf!","",""
"Floor is Lava","content","waddle-like-a-penguin","waddle-like-a-penguin.mp3","Waddle like a penguin!","",""
"Floor is Lava","content","buzz-like-a-bee","buzz-like-a-bee.mp3","Buzz like a bee!","",""
"Floor is Lava","content","gallop-like-a-horse","gallop-like-a-horse.mp3","Gallop like a horse!","",""
"Floor is Lava","content","roar-like-a-dinosaur","roar-like-a-dinosaur.mp3","Roar like a dinosaur!","",""
"Floor is Lava","content","stretch-like-a-cat","stretch-like-a-cat.mp3","Stretch like a cat!","",""
"Floor is Lava","content","swing-like-a-monkey","swing-like-a-monkey.mp3","Swing like a monkey!","",""
"Floor is Lava","content","bounce-like-a-kangaroo","bounce-like-a-kangaroo.mp3","Bounce like a kangaroo!","",""
"Floor is Lava","content","do-five-jumping-jacks","do-five-jumping-jacks.mp3","Do five jumping jacks!","",""
"Floor is Lava","content","do-five-squats","do-five-squats.mp3","Do five squats!","",""
"Floor is Lava","content","do-five-lunges","do-five-lunges.mp3","Do five lunges!","",""
"Floor is Lava","content","do-five-pushups","do-five-pushups.mp3","Do five push-ups!","",""
"Floor is Lava","content","high-knees-for-five-seconds","high-knees-for-five-seconds.mp3","High knees for five seconds!","",""
"Floor is Lava","content","do-five-situps","do-five-situps.mp3","Do five sit-ups!","",""
"Floor is Lava","content","do-five-mountain-climbers","do-five-mountain-climbers.mp3","Do five mountain climbers!","",""
"Floor is Lava","content","hold-a-plank-for-five-seconds","hold-a-plank-for-five-seconds.mp3","Hold a plank for five seconds!","",""
"Floor is Lava","content","do-five-toe-touches","do-five-toe-touches.mp3","Do five toe touches!","",""
"Floor is Lava","content","do-five-leg-lifts","do-five-leg-lifts.mp3","Do five leg lifts!","",""
"Floor is Lava","content","balance-on-one-foot","balance-on-one-foot.mp3","Balance on one foot!","yes",""
"Floor is Lava","content","stand-like-a-flamingo-for-five-seconds","stand-like-a-flamingo-for-five-seconds.mp3","Stand like a flamingo for five seconds!","",""
"Floor is Lava","content","be-a-statue-for-five-seconds","be-a-statue-for-five-seconds.mp3","Be a statue for five seconds!","",""
"Floor is Lava","content","hold-a-tree-pose","hold-a-tree-pose.mp3","Hold a tree pose!","",""
"Floor is Lava","content","balance-on-tiptoes-for-five-seconds","balance-on-tiptoes-for-five-seconds.mp3","Balance on tiptoes for five seconds!","",""
"Floor is Lava","content","freeze-like-a-popsicle","freeze-like-a-popsicle.mp3","Freeze like a popsicle!","",""
"Floor is Lava","content","stand-on-one-leg-with-eyes-closed","stand-on-one-leg-with-eyes-closed.mp3","Stand on one leg with eyes closed!","",""
"Floor is Lava","content","hold-a-karate-pose","hold-a-karate-pose.mp3","Hold a karate pose!","",""
"Floor is Lava","content","reach-for-the-sky","reach-for-the-sky.mp3","Reach for the sky!","yes",""
"Floor is Lava","content","touch-your-toes","touch-your-toes.mp3","Touch your toes!","yes",""
"Floor is Lava","content","twist-side-to-side","twist-side-to-side.mp3","Twist side to side!","",""
"Floor is Lava","content","roll-your-shoulders-back","roll-your-shoulders-back.mp3","Roll your shoulders back!","",""
"Floor is Lava","content","sidebend-left-and-right","sidebend-left-and-right.mp3","Side-bend left and right!","",""
"Floor is Lava","content","touch-the-floor","touch-the-floor.mp3","Touch the floor!","",""
"Floor is Lava","content","stretch-your-arms-out-wide","stretch-your-arms-out-wide.mp3","Stretch your arms out wide!","",""
"Floor is Lava","content","big-yawn-and-stretch","big-yawn-and-stretch.mp3","Big yawn and stretch!","",""
"Floor is Lava","content","find-something-red","find-something-red.mp3","Find something RED!","",""
"Floor is Lava","content","find-something-blue","find-something-blue.mp3","Find something BLUE!","",""
"Floor is Lava","content","find-something-green","find-something-green.mp3","Find something GREEN!","",""
"Floor is Lava","content","find-something-soft","find-something-soft.mp3","Find something soft!","",""
"Floor is Lava","content","find-something-round","find-something-round.mp3","Find something round!","",""
"Floor is Lava","content","find-something-fluffy","find-something-fluffy.mp3","Find something fluffy!","",""
"Floor is Lava","content","find-something-shiny","find-something-shiny.mp3","Find something shiny!","",""
"Floor is Lava","content","find-a-book","find-a-book.mp3","Find a book!","",""
"Floor is Lava","content","find-a-pillow","find-a-pillow.mp3","Find a pillow!","",""
"Floor is Lava","content","find-a-shoe","find-a-shoe.mp3","Find a shoe!","",""
"Floor is Lava","content","find-a-hat","find-a-hat.mp3","Find a hat!","",""
"Floor is Lava","content","find-a-stuffed-animal","find-a-stuffed-animal.mp3","Find a stuffed animal!","",""
"Floor is Lava","content","clap-a-fast-pattern-clapclappauseclap","clap-a-fast-pattern-clapclappauseclap.mp3","Clap a fast pattern: clap-clap-pause-clap!","",""
"Floor is Lava","content","snap-your-fingers-ten-times","snap-your-fingers-ten-times.mp3","Snap your fingers ten times!","",""
"Floor is Lava","content","pat-your-head-and-rub-your-tummy","pat-your-head-and-rub-your-tummy.mp3","Pat your head and rub your tummy!","",""
"Floor is Lava","content","wiggle-your-fingers-like-piano-keys","wiggle-your-fingers-like-piano-keys.mp3","Wiggle your fingers like piano keys!","",""
"Floor is Lava","content","stomp-left-right-left-right","stomp-left-right-left-right.mp3","Stomp left, right, left, right!","",""
"Floor is Lava","content","hop-on-one-foot-then-the-other","hop-on-one-foot-then-the-other.mp3","Hop on one foot, then the other!","",""
"Floor is Lava","content","tap-each-finger-to-your-thumb","tap-each-finger-to-your-thumb.mp3","Tap each finger to your thumb!","",""
"Floor is Lava","content","wink-with-one-eye-then-the-other","wink-with-one-eye-then-the-other.mp3","Wink with one eye, then the other!","",""
"Floor is Lava","content","do-a-silly-dance","do-a-silly-dance.mp3","Do a silly dance!","",""
"Floor is Lava","content","sing-your-name-out-loud","sing-your-name-out-loud.mp3","Sing your name out loud!","",""
"Floor is Lava","content","talk-like-a-robot","talk-like-a-robot.mp3","Talk like a robot!","",""
"Floor is Lava","content","walk-like-a-zombie","walk-like-a-zombie.mp3","Walk like a zombie!","",""
"Floor is Lava","content","do-a-superhero-pose","do-a-superhero-pose.mp3","Do a superhero pose!","",""
"Floor is Lava","content","pretend-to-be-a-tree","pretend-to-be-a-tree.mp3","Pretend to be a tree!","yes",""
"Floor is Lava","content","pretend-to-be-a-snowman","pretend-to-be-a-snowman.mp3","Pretend to be a snowman!","",""
"Floor is Lava","content","pretend-to-brush-your-teeth","pretend-to-brush-your-teeth.mp3","Pretend to brush your teeth!","",""
"Floor is Lava","content","pretend-to-be-asleep","pretend-to-be-asleep.mp3","Pretend to be asleep!","",""
"Floor is Lava","content","pretend-to-be-a-chef-cooking","pretend-to-be-a-chef-cooking.mp3","Pretend to be a chef cooking!","",""
"Floor is Lava","content","pretend-you-are-underwater","pretend-you-are-underwater.mp3","Pretend you are underwater!","",""
"Floor is Lava","content","pretend-to-ride-a-horse","pretend-to-ride-a-horse.mp3","Pretend to ride a horse!","",""
"Floor is Lava","content","tiptoe-like-a-ninja","tiptoe-like-a-ninja.mp3","Tiptoe like a ninja!","yes",""
"Floor is Lava","content","pretend-to-swim","pretend-to-swim.mp3","Pretend to swim!","",""
"Floor is Lava","content","pretend-to-fly","pretend-to-fly.mp3","Pretend to fly!","",""
"Floor is Lava","content","spin-around-three-times","spin-around-three-times.mp3","Spin around three times!","",""
"Floor is Lava","content","walk-backwards-five-steps","walk-backwards-five-steps.mp3","Walk backwards five steps!","",""
"Floor is Lava","content","crawl-like-a-baby","crawl-like-a-baby.mp3","Crawl like a baby!","",""
"Floor is Lava","content","wiggle-like-a-worm","wiggle-like-a-worm.mp3","Wiggle like a worm!","",""
"Floor is Lava","content","pretend-you-are-stuck-in-mud","pretend-you-are-stuck-in-mud.mp3","Pretend you are stuck in mud!","",""
"Floor is Lava","content","pretend-to-be-a-bouncing-ball","pretend-to-be-a-bouncing-ball.mp3","Pretend to be a bouncing ball!","",""
"Floor is Lava","content","pretend-to-be-popcorn-popping","pretend-to-be-popcorn-popping.mp3","Pretend to be popcorn popping!","",""
"Floor is Lava","content","floor-is-lava-climb-on-something","floor-is-lava-climb-on-something.mp3","FLOOR IS LAVA! Climb on something!","",""
"Floor is Lava","content","lava-everywhere-get-off-the-floor","lava-everywhere-get-off-the-floor.mp3","LAVA EVERYWHERE! Get off the floor!","",""
"Floor is Lava","content","the-ground-is-melting-find-higher-ground","the-ground-is-melting-find-higher-ground.mp3","The ground is melting! Find higher ground!","",""
"Floor is Lava","content","lava-lava-lava-get-up-high-now","lava-lava-lava-get-up-high-now.mp3","LAVA! LAVA! LAVA! Get up high NOW!","",""
"Floor is Lava","content","hot-lava-jump-on-the-couch","hot-lava-jump-on-the-couch.mp3","HOT LAVA! Jump on the couch!","",""
"Floor is Lava","content","the-floor-is-burning-get-up","the-floor-is-burning-get-up.mp3","THE FLOOR IS BURNING! Get up!","",""
"Floor is Lava","content","molten-rock-everywhere-climb","molten-rock-everywhere-climb.mp3","MOLTEN ROCK EVERYWHERE! Climb!","",""
"Floor is Lava","content","lava-river-get-to-safety","lava-river-get-to-safety.mp3","LAVA RIVER! Get to safety!","",""
"Floor is Lava","content","volcano-erupting-get-high","volcano-erupting-get-high.mp3","VOLCANO ERUPTING! Get high!","",""
"Floor is Lava","content","scorching-ground-off-the-floor","scorching-ground-off-the-floor.mp3","SCORCHING GROUND! Off the floor!","",""
"Heroes & Villains","system","mwa-ha-ha-great-evildoing","mwa-ha-ha-great-evildoing.mp3","Mwa ha ha! Great evil-doing!","","closing line — Villain role"
"Heroes & Villains","system","great-work-hero-or-villain","great-work-hero-or-villain.mp3","Great work, hero or villain!","","closing line — Both role"
"Heroes & Villains","system","you-saved-the-day-great-job-hero","you-saved-the-day-great-job-hero.mp3","You saved the day! Great job hero!","","closing line — Hero role"
"Heroes & Villains","content","fly-through-the-sky","fly-through-the-sky.mp3","Fly through the sky!","",""
"Heroes & Villains","content","run-at-lightning-speed","run-at-lightning-speed.mp3","Run at lightning speed!","",""
"Heroes & Villains","content","teleport-across-the-room","teleport-across-the-room.mp3","Teleport across the room!","",""
"Heroes & Villains","content","phase-through-a-wall","phase-through-a-wall.mp3","Phase through a wall!","",""
"Heroes & Villains","content","swing-on-a-web","swing-on-a-web.mp3","Swing on a web!","",""
"Heroes & Villains","content","glide-through-the-air","glide-through-the-air.mp3","Glide through the air!","",""
"Heroes & Villains","content","soar-like-an-eagle","soar-like-an-eagle.mp3","Soar like an eagle!","yes",""
"Heroes & Villains","content","dash-so-fast-you-blur","dash-so-fast-you-blur.mp3","Dash so fast you blur!","",""
"Heroes & Villains","content","skid-to-a-heroic-stop","skid-to-a-heroic-stop.mp3","Skid to a heroic stop!","",""
"Heroes & Villains","content","hover-in-midair","hover-in-midair.mp3","Hover in mid-air!","",""
"Heroes & Villains","content","super-strength-lift-something-heavy","super-strength-lift-something-heavy.mp3","Super strength! Lift something heavy!","",""
"Heroes & Villains","content","do-a-hulking-smash","do-a-hulking-smash.mp3","Do a hulking SMASH!","",""
"Heroes & Villains","content","punch-a-bad-guy-bam","punch-a-bad-guy-bam.mp3","Punch a bad guy! Bam!","",""
"Heroes & Villains","content","catch-a-falling-building","catch-a-falling-building.mp3","Catch a falling building!","",""
"Heroes & Villains","content","pick-up-a-car","pick-up-a-car.mp3","Pick up a car!","",""
"Heroes & Villains","content","crush-a-rock-with-your-bare-hands","crush-a-rock-with-your-bare-hands.mp3","Crush a rock with your bare hands!","",""
"Heroes & Villains","content","flip-a-giant-boulder","flip-a-giant-boulder.mp3","Flip a giant boulder!","",""
"Heroes & Villains","content","crack-a-sidewalk-with-your-fist","crack-a-sidewalk-with-your-fist.mp3","Crack a sidewalk with your fist!","",""
"Heroes & Villains","content","bend-a-steel-bar","bend-a-steel-bar.mp3","Bend a steel bar!","",""
"Heroes & Villains","content","lift-a-hippo-over-your-head","lift-a-hippo-over-your-head.mp3","Lift a hippo over your head!","",""
"Heroes & Villains","content","shoot-laser-eyes-pew-pew","shoot-laser-eyes-pew-pew.mp3","Shoot laser eyes! Pew pew!","",""
"Heroes & Villains","content","shoot-fire-from-your-hands","shoot-fire-from-your-hands.mp3","Shoot fire from your hands!","",""
"Heroes & Villains","content","shoot-ice-from-your-hands","shoot-ice-from-your-hands.mp3","Shoot ice from your hands!","",""
"Heroes & Villains","content","send-out-a-thunderclap","send-out-a-thunderclap.mp3","Send out a thunderclap!","",""
"Heroes & Villains","content","throw-a-lightning-bolt","throw-a-lightning-bolt.mp3","Throw a lightning bolt!","",""
"Heroes & Villains","content","freeze-breath-frost-everything","freeze-breath-frost-everything.mp3","Freeze breath! Frost everything!","",""
"Heroes & Villains","content","heat-vision-melt-the-bad-guys","heat-vision-melt-the-bad-guys.mp3","Heat vision! Melt the bad guys!","",""
"Heroes & Villains","content","control-the-wind","control-the-wind.mp3","Control the wind!","",""
"Heroes & Villains","content","control-the-rain","control-the-rain.mp3","Control the rain!","",""
"Heroes & Villains","content","make-a-giant-tidal-wave","make-a-giant-tidal-wave.mp3","Make a giant tidal wave!","",""
"Heroes & Villains","content","plant-powers-grow-vines","plant-powers-grow-vines.mp3","Plant powers! Grow vines!","",""
"Heroes & Villains","content","summon-a-sandstorm","summon-a-sandstorm.mp3","Summon a sandstorm!","",""
"Heroes & Villains","content","make-the-earth-shake","make-the-earth-shake.mp3","Make the earth shake!","",""
"Heroes & Villains","content","cast-a-magic-spell","cast-a-magic-spell.mp3","Cast a magic spell!","",""
"Heroes & Villains","content","throw-a-glowing-energy-ball","throw-a-glowing-energy-ball.mp3","Throw a glowing energy ball!","",""
"Heroes & Villains","content","wrap-yourself-in-golden-light","wrap-yourself-in-golden-light.mp3","Wrap yourself in golden light!","",""
"Heroes & Villains","content","use-telekinesis-move-stuff-with-your-mind","use-telekinesis-move-stuff-with-your-mind.mp3","Use telekinesis! Move stuff with your mind!","",""
"Heroes & Villains","content","read-minds","read-minds.mp3","Read minds!","",""
"Heroes & Villains","content","use-mind-control-on-a-villain","use-mind-control-on-a-villain.mp3","Use mind control on a villain!","",""
"Heroes & Villains","content","send-a-telepathic-message","send-a-telepathic-message.mp3","Send a telepathic message!","",""
"Heroes & Villains","content","brainwave-attack","brainwave-attack.mp3","Brainwave attack!","",""
"Heroes & Villains","content","see-the-future-for-one-second","see-the-future-for-one-second.mp3","See the future for one second!","",""
"Heroes & Villains","content","become-invisible-sneak-around","become-invisible-sneak-around.mp3","Become invisible! Sneak around!","",""
"Heroes & Villains","content","danger-sense-dodge","danger-sense-dodge.mp3","Danger sense! Dodge!","",""
"Heroes & Villains","content","super-hearing-listen-far-away","super-hearing-listen-far-away.mp3","Super hearing! Listen far away!","",""
"Heroes & Villains","content","xray-vision-see-through-walls","xray-vision-see-through-walls.mp3","X-ray vision! See through walls!","",""
"Heroes & Villains","content","cloak-yourself-in-shadow","cloak-yourself-in-shadow.mp3","Cloak yourself in shadow!","",""
"Heroes & Villains","content","tracker-mode-sniff-out-the-bad-guys","tracker-mode-sniff-out-the-bad-guys.mp3","Tracker mode! Sniff out the bad guys!","",""
"Heroes & Villains","content","throw-your-hero-shield","throw-your-hero-shield.mp3","Throw your hero shield!","",""
"Heroes & Villains","content","spin-your-magic-lasso","spin-your-magic-lasso.mp3","Spin your magic lasso!","",""
"Heroes & Villains","content","swing-a-mighty-thunder-hammer","swing-a-mighty-thunder-hammer.mp3","Swing a mighty thunder hammer!","",""
"Heroes & Villains","content","slash-with-metal-claws","slash-with-metal-claws.mp3","Slash with metal claws!","",""
"Heroes & Villains","content","summon-your-iron-armor","summon-your-iron-armor.mp3","Summon your iron armor!","",""
"Heroes & Villains","content","aim-your-bow-and-arrow","aim-your-bow-and-arrow.mp3","Aim your bow and arrow!","",""
"Heroes & Villains","content","light-up-your-power-ring","light-up-your-power-ring.mp3","Light up your power ring!","",""
"Heroes & Villains","content","strike-a-brooding-hero-glare","strike-a-brooding-hero-glare.mp3","Strike a brooding hero glare!","",""
"Heroes & Villains","content","strike-a-hero-pose","strike-a-hero-pose.mp3","Strike a hero pose!","",""
"Heroes & Villains","content","cape-twirl-and-pose","cape-twirl-and-pose.mp3","Cape twirl and pose!","",""
"Heroes & Villains","content","wield-twin-swords","wield-twin-swords.mp3","Wield twin swords!","",""
"Heroes & Villains","content","pull-out-a-glowing-battle-staff","pull-out-a-glowing-battle-staff.mp3","Pull out a glowing battle staff!","",""
"Heroes & Villains","content","crack-a-whip-of-lightning","crack-a-whip-of-lightning.mp3","Crack a whip of lightning!","",""
"Heroes & Villains","content","throw-spinning-star-blades","throw-spinning-star-blades.mp3","Throw spinning star blades!","",""
"Heroes & Villains","content","bulk-up-and-get-angry","bulk-up-and-get-angry.mp3","BULK UP and get angry!","",""
"Heroes & Villains","content","shapeshift-into-something-cool","shapeshift-into-something-cool.mp3","Shape-shift into something cool!","",""
"Heroes & Villains","content","grow-giant","grow-giant.mp3","Grow giant!","",""
"Heroes & Villains","content","shrink-down-tiny","shrink-down-tiny.mp3","Shrink down tiny!","",""
"Heroes & Villains","content","stretch-your-arms-out-long","stretch-your-arms-out-long.mp3","Stretch your arms out long!","",""
"Heroes & Villains","content","turn-to-stone","turn-to-stone.mp3","Turn to stone!","",""
"Heroes & Villains","content","catch-fire","catch-fire.mp3","Catch fire!","",""
"Heroes & Villains","content","bounce-like-rubber","bounce-like-rubber.mp3","Bounce like rubber!","",""
"Heroes & Villains","content","sprout-giant-wings","sprout-giant-wings.mp3","Sprout giant wings!","",""
"Heroes & Villains","content","grow-a-tail-and-fangs","grow-a-tail-and-fangs.mp3","Grow a tail and fangs!","",""
"Heroes & Villains","content","turn-into-a-wolf","turn-into-a-wolf.mp3","Turn into a wolf!","",""
"Heroes & Villains","content","roar-like-a-hero-beast","roar-like-a-hero-beast.mp3","Roar like a hero beast!","",""
"Heroes & Villains","content","talk-to-animals","talk-to-animals.mp3","Talk to animals!","",""
"Heroes & Villains","content","climb-a-wall-like-a-spider","climb-a-wall-like-a-spider.mp3","Climb a wall like a spider!","",""
"Heroes & Villains","content","pounce-like-a-tiger","pounce-like-a-tiger.mp3","Pounce like a tiger!","",""
"Heroes & Villains","content","sting-like-a-hornet","sting-like-a-hornet.mp3","Sting like a hornet!","",""
"Heroes & Villains","content","bite-with-snake-fangs","bite-with-snake-fangs.mp3","Bite with snake fangs!","",""
"Heroes & Villains","content","howl-at-the-full-moon-and-turn-into-a-werewolf","howl-at-the-full-moon-and-turn-into-a-werewolf.mp3","Howl at the full moon and turn into a werewolf!","",""
"Heroes & Villains","content","sprout-fangs-and-turn-into-a-friendly-vampire","sprout-fangs-and-turn-into-a-friendly-vampire.mp3","Sprout fangs and turn into a friendly vampire!","",""
"Heroes & Villains","content","erupt-into-a-roaring-dragon","erupt-into-a-roaring-dragon.mp3","Erupt into a roaring dragon!","",""
"Heroes & Villains","content","burst-into-flames-as-a-fire-phoenix","burst-into-flames-as-a-fire-phoenix.mp3","Burst into flames as a fire phoenix!","",""
"Heroes & Villains","content","pound-your-chest-as-a-giant-gorilla-guardian","pound-your-chest-as-a-giant-gorilla-guardian.mp3","Pound your chest as a giant gorilla guardian!","",""
"Heroes & Villains","content","become-a-kraken-with-eight-tentacles","become-a-kraken-with-eight-tentacles.mp3","Become a kraken with eight tentacles!","",""
"Heroes & Villains","content","scatter-into-a-swarm-of-butterflies","scatter-into-a-swarm-of-butterflies.mp3","Scatter into a swarm of butterflies!","",""
"Heroes & Villains","content","transform-into-a-charging-unicorn","transform-into-a-charging-unicorn.mp3","Transform into a charging unicorn!","",""
"Heroes & Villains","content","grow-dolphin-fins-and-dive-deep","grow-dolphin-fins-and-dive-deep.mp3","Grow dolphin fins and dive deep!","",""
"Heroes & Villains","content","shapeshift-into-a-galloping-centaur","shapeshift-into-a-galloping-centaur.mp3","Shapeshift into a galloping centaur!","",""
"Heroes & Villains","content","become-a-glowing-jellyfish-creature","become-a-glowing-jellyfish-creature.mp3","Become a glowing jellyfish creature!","",""
"Heroes & Villains","content","transform-into-a-thunder-eagle-with-lightning-wings","transform-into-a-thunder-eagle-with-lightning-wings.mp3","Transform into a thunder eagle with lightning wings!","",""
"Heroes & Villains","content","pull-into-your-turtle-shell-to-defend","pull-into-your-turtle-shell-to-defend.mp3","Pull into your turtle shell to defend!","",""
"Heroes & Villains","content","become-a-spiked-hedgehog-warrior","become-a-spiked-hedgehog-warrior.mp3","Become a spiked hedgehog warrior!","",""
"Heroes & Villains","content","root-into-a-living-tree-giant","root-into-a-living-tree-giant.mp3","Root into a living tree giant!","",""
"Heroes & Villains","content","put-up-a-force-field","put-up-a-force-field.mp3","Put up a force field!","",""
"Heroes & Villains","content","block-bullets-with-your-wrist-guards","block-bullets-with-your-wrist-guards.mp3","Block bullets with your wrist guards!","",""
"Heroes & Villains","content","raise-a-magic-barrier","raise-a-magic-barrier.mp3","Raise a magic barrier!","",""
"Heroes & Villains","content","deflect-a-punch-with-your-forearm","deflect-a-punch-with-your-forearm.mp3","Deflect a punch with your forearm!","",""
"Heroes & Villains","content","save-someone-in-trouble","save-someone-in-trouble.mp3","Save someone in trouble!","",""
"Heroes & Villains","content","rescue-a-kitten-from-a-tree","rescue-a-kitten-from-a-tree.mp3","Rescue a kitten from a tree!","",""
"Heroes & Villains","content","stop-a-runaway-train","stop-a-runaway-train.mp3","Stop a runaway train!","",""
"Heroes & Villains","content","catch-a-falling-person","catch-a-falling-person.mp3","Catch a falling person!","",""
"Heroes & Villains","content","defuse-a-bomb","defuse-a-bomb.mp3","Defuse a bomb!","",""
"Heroes & Villains","content","take-a-heroic-bow-for-the-crowd","take-a-heroic-bow-for-the-crowd.mp3","Take a heroic bow for the crowd!","",""
"Heroes & Villains","content","help-an-old-lady-cross-the-street","help-an-old-lady-cross-the-street.mp3","Help an old lady cross the street!","",""
"Heroes & Villains","content","save-a-baby-from-danger","save-a-baby-from-danger.mp3","Save a baby from danger!","",""
"Heroes & Villains","content","lead-the-team-into-battle","lead-the-team-into-battle.mp3","Lead the team into battle!","",""
"Heroes & Villains","content","plant-a-flag-of-victory","plant-a-flag-of-victory.mp3","Plant a flag of victory!","",""
"Heroes & Villains","content","free-trapped-friends","free-trapped-friends.mp3","Free trapped friends!","",""
"Heroes & Villains","content","slow-down-time","slow-down-time.mp3","Slow down time!","",""
"Heroes & Villains","content","open-a-portal-to-another-dimension","open-a-portal-to-another-dimension.mp3","Open a portal to another dimension!","",""
"Heroes & Villains","content","time-travel-back-five-seconds","time-travel-back-five-seconds.mp3","Time travel back five seconds!","",""
"Heroes & Villains","content","speed-up-time-make-flowers-bloom","speed-up-time-make-flowers-bloom.mp3","Speed up time! Make flowers bloom!","",""
"Heroes & Villains","content","pop-into-a-parallel-world","pop-into-a-parallel-world.mp3","Pop into a parallel world!","",""
"Heroes & Villains","content","rewind-a-mistake","rewind-a-mistake.mp3","Rewind a mistake!","",""
"Heroes & Villains","content","blast-a-twohanded-energy-beam","blast-a-twohanded-energy-beam.mp3","BLAST a two-handed energy beam!","",""
"Heroes & Villains","content","spam-glowing-ki-blasts","spam-glowing-ki-blasts.mp3","Spam glowing ki blasts!","",""
"Heroes & Villains","content","charge-a-giant-onehanded-beam","charge-a-giant-onehanded-beam.mp3","Charge a giant one-handed beam!","",""
"Heroes & Villains","content","throw-a-spinning-energy-disk","throw-a-spinning-energy-disk.mp3","Throw a spinning energy disk!","",""
"Heroes & Villains","content","flash-blinding-light-from-your-hands","flash-blinding-light-from-your-hands.mp3","Flash blinding light from your hands!","",""
"Heroes & Villains","content","gather-universe-energy-into-a-giant-spirit-ball","gather-universe-energy-into-a-giant-spirit-ball.mp3","Gather universe energy into a giant spirit ball!","",""
"Heroes & Villains","content","charge-up-with-rocks-floating-around-you","charge-up-with-rocks-floating-around-you.mp3","Charge up with rocks floating around you!","",""
"Heroes & Villains","content","glow-red-and-double-your-power","glow-red-and-double-your-power.mp3","Glow red and double your power!","",""
"Heroes & Villains","content","two-fingers-to-your-head-teleport","two-fingers-to-your-head-teleport.mp3","Two fingers to your head — teleport!","",""
"Heroes & Villains","content","move-so-fast-you-leave-afterimages","move-so-fast-you-leave-afterimages.mp3","Move so fast you leave afterimages!","",""
"Heroes & Villains","content","split-into-four-copies-of-yourself","split-into-four-copies-of-yourself.mp3","Split into four copies of yourself!","",""
"Heroes & Villains","content","power-up-to-your-golden-warrior-form","power-up-to-your-golden-warrior-form.mp3","Power up to your golden warrior form!","",""
"Heroes & Villains","content","yell-as-your-hair-stands-up-and-changes-color","yell-as-your-hair-stands-up-and-changes-color.mp3","Yell as your hair stands up and changes color!","",""
"Heroes & Villains","content","eat-a-magic-bean-and-heal-up","eat-a-magic-bean-and-heal-up.mp3","Eat a magic bean and heal up!","",""
"Heroes & Villains","content","do-a-fusion-dance-with-your-friend","do-a-fusion-dance-with-your-friend.mp3","Do a fusion dance with your friend!","",""
"Heroes & Villains","content","cackle-and-fly-off-into-the-night","cackle-and-fly-off-into-the-night.mp3","Cackle and fly off into the night!","",""
"Heroes & Villains","content","dash-away-from-the-heroes","dash-away-from-the-heroes.mp3","Dash away from the heroes!","",""
"Heroes & Villains","content","teleport-into-your-secret-lair","teleport-into-your-secret-lair.mp3","Teleport into your secret lair!","",""
"Heroes & Villains","content","phase-through-a-vault-wall","phase-through-a-vault-wall.mp3","Phase through a vault wall!","",""
"Heroes & Villains","content","swing-on-an-evil-web-of-lies","swing-on-an-evil-web-of-lies.mp3","Swing on an evil web of lies!","",""
"Heroes & Villains","content","glide-above-the-city-looking-menacing","glide-above-the-city-looking-menacing.mp3","Glide above the city looking menacing!","",""
"Heroes & Villains","content","soar-on-dragon-wings","soar-on-dragon-wings.mp3","Soar on dragon wings!","",""
"Heroes & Villains","content","zoom-away-on-a-hoverboard","zoom-away-on-a-hoverboard.mp3","Zoom away on a hover-board!","",""
"Heroes & Villains","content","skitter-into-the-shadows","skitter-into-the-shadows.mp3","Skitter into the shadows!","",""
"Heroes & Villains","content","hover-above-your-minions","hover-above-your-minions.mp3","Hover above your minions!","",""
"Heroes & Villains","content","smash-a-building-just-because","smash-a-building-just-because.mp3","SMASH a building just because!","",""
"Heroes & Villains","content","punch-through-a-steel-wall","punch-through-a-steel-wall.mp3","Punch through a steel wall!","",""
"Heroes & Villains","content","crush-the-hero-plans-in-your-fist","crush-the-hero-plans-in-your-fist.mp3","Crush the hero plans in your fist!","",""
"Heroes & Villains","content","pick-up-a-car-and-shake-it","pick-up-a-car-and-shake-it.mp3","Pick up a car and shake it!","",""
"Heroes & Villains","content","roll-a-giant-boulder-down-a-hill","roll-a-giant-boulder-down-a-hill.mp3","Roll a giant boulder down a hill!","",""
"Heroes & Villains","content","stomp-on-a-toy-castle","stomp-on-a-toy-castle.mp3","Stomp on a toy castle!","",""
"Heroes & Villains","content","flip-a-table-dramatically","flip-a-table-dramatically.mp3","Flip a table dramatically!","",""
"Heroes & Villains","content","bend-prison-bars-to-escape","bend-prison-bars-to-escape.mp3","Bend prison bars to escape!","",""
"Heroes & Villains","content","crumple-a-tin-can","crumple-a-tin-can.mp3","Crumple a tin can!","",""
"Heroes & Villains","content","drop-a-giant-anvil","drop-a-giant-anvil.mp3","Drop a giant anvil!","",""
"Heroes & Villains","content","shoot-evil-purple-lasers","shoot-evil-purple-lasers.mp3","Shoot evil purple lasers!","",""
"Heroes & Villains","content","crackle-with-dark-lightning","crackle-with-dark-lightning.mp3","Crackle with dark lightning!","",""
"Heroes & Villains","content","freeze-the-whole-city-solid","freeze-the-whole-city-solid.mp3","Freeze the whole city solid!","",""
"Heroes & Villains","content","flood-the-streets-with-goo","flood-the-streets-with-goo.mp3","Flood the streets with goo!","",""
"Heroes & Villains","content","cast-a-wicked-curse","cast-a-wicked-curse.mp3","Cast a wicked curse!","",""
"Heroes & Villains","content","summon-a-thunderstorm","summon-a-thunderstorm.mp3","Summon a thunderstorm!","",""
"Heroes & Villains","content","conjure-poisonous-vines","conjure-poisonous-vines.mp3","Conjure poisonous vines!","",""
"Heroes & Villains","content","make-the-ground-split-open","make-the-ground-split-open.mp3","Make the ground split open!","",""
"Heroes & Villains","content","send-out-a-shockwave-of-doom","send-out-a-shockwave-of-doom.mp3","Send out a shockwave of doom!","",""
"Heroes & Villains","content","light-a-sinister-fireball","light-a-sinister-fireball.mp3","Light a sinister fireball!","",""
"Heroes & Villains","content","cackle-evilly","cackle-evilly.mp3","Cackle evilly!","",""
"Heroes & Villains","content","hypnotize-a-passerby","hypnotize-a-passerby.mp3","Hypnotize a passerby!","",""
"Heroes & Villains","content","brainwash-a-citizen","brainwash-a-citizen.mp3","Brainwash a citizen!","",""
"Heroes & Villains","content","whisper-bad-ideas-into-their-ear","whisper-bad-ideas-into-their-ear.mp3","Whisper bad ideas into their ear!","",""
"Heroes & Villains","content","mindtrick-a-hero","mindtrick-a-hero.mp3","Mind-trick a hero!","",""
"Heroes & Villains","content","mindlink-with-your-minions","mindlink-with-your-minions.mp3","Mind-link with your minions!","",""
"Heroes & Villains","content","sneak-into-the-bank","sneak-into-the-bank.mp3","Sneak into the bank!","",""
"Heroes & Villains","content","cloak-yourself-in-mist","cloak-yourself-in-mist.mp3","Cloak yourself in mist!","",""
"Heroes & Villains","content","spy-on-the-heroes-from-a-rooftop","spy-on-the-heroes-from-a-rooftop.mp3","Spy on the heroes from a rooftop!","",""
"Heroes & Villains","content","tiptoe-past-a-sleeping-guard","tiptoe-past-a-sleeping-guard.mp3","Tiptoe past a sleeping guard!","",""
"Heroes & Villains","content","hide-behind-a-giant-pillar","hide-behind-a-giant-pillar.mp3","Hide behind a giant pillar!","",""
"Heroes & Villains","content","eavesdrop-on-a-secret-meeting","eavesdrop-on-a-secret-meeting.mp3","Eavesdrop on a secret meeting!","",""
"Heroes & Villains","content","twirl-your-evil-mustache","twirl-your-evil-mustache.mp3","Twirl your evil mustache!","",""
"Heroes & Villains","content","pet-your-evil-cat","pet-your-evil-cat.mp3","Pet your evil cat!","",""
"Heroes & Villains","content","aim-a-freeze-ray","aim-a-freeze-ray.mp3","Aim a freeze ray!","",""
"Heroes & Villains","content","wield-a-dark-sword","wield-a-dark-sword.mp3","Wield a dark sword!","",""
"Heroes & Villains","content","crack-an-electric-whip","crack-an-electric-whip.mp3","Crack an electric whip!","",""
"Heroes & Villains","content","throw-a-smoke-bomb","throw-a-smoke-bomb.mp3","Throw a smoke bomb!","",""
"Heroes & Villains","content","tap-a-venomous-staff","tap-a-venomous-staff.mp3","Tap a venomous staff!","",""
"Heroes & Villains","content","pose-with-your-skull-mask","pose-with-your-skull-mask.mp3","Pose with your skull mask!","",""
"Heroes & Villains","content","swirl-your-evil-cape","swirl-your-evil-cape.mp3","Swirl your evil cape!","",""
"Heroes & Villains","content","throw-a-confetti-bomb","throw-a-confetti-bomb.mp3","Throw a confetti bomb!","",""
"Heroes & Villains","content","press-a-doomsday-button","press-a-doomsday-button.mp3","Press a doomsday button!","",""
"Heroes & Villains","content","ignite-your-sword-in-flames","ignite-your-sword-in-flames.mp3","Ignite your sword in flames!","",""
"Heroes & Villains","content","transform-into-a-giant-monster","transform-into-a-giant-monster.mp3","Transform into a giant monster!","",""
"Heroes & Villains","content","shrink-and-crawl-through-a-vent","shrink-and-crawl-through-a-vent.mp3","Shrink and crawl through a vent!","",""
"Heroes & Villains","content","turn-into-a-slithery-snake","turn-into-a-slithery-snake.mp3","Turn into a slithery snake!","",""
"Heroes & Villains","content","sprout-extra-arms","sprout-extra-arms.mp3","Sprout extra arms!","",""
"Heroes & Villains","content","grow-scales-and-a-tail","grow-scales-and-a-tail.mp3","Grow scales and a tail!","",""
"Heroes & Villains","content","melt-into-a-puddle-of-goo","melt-into-a-puddle-of-goo.mp3","Melt into a puddle of goo!","",""
"Heroes & Villains","content","turn-into-a-swarm-of-bats","turn-into-a-swarm-of-bats.mp3","Turn into a swarm of bats!","",""
"Heroes & Villains","content","sprout-poisonous-spikes","sprout-poisonous-spikes.mp3","Sprout poisonous spikes!","",""
"Heroes & Villains","content","shift-into-a-shadow","shift-into-a-shadow.mp3","Shift into a shadow!","",""
"Heroes & Villains","content","transform-into-a-hulking-beast","transform-into-a-hulking-beast.mp3","Transform into a hulking beast!","",""
"Heroes & Villains","content","stomp-like-a-trex-villain","stomp-like-a-trex-villain.mp3","Stomp like a T-rex villain!","",""
"Heroes & Villains","content","snarl-like-a-wolf","snarl-like-a-wolf.mp3","Snarl like a wolf!","",""
"Heroes & Villains","content","pounce-like-an-evil-panther","pounce-like-an-evil-panther.mp3","Pounce like an evil panther!","",""
"Heroes & Villains","content","hiss-like-a-cobra","hiss-like-a-cobra.mp3","Hiss like a cobra!","",""
"Heroes & Villains","content","cackle-like-a-hyena","cackle-like-a-hyena.mp3","Cackle like a hyena!","",""
"Heroes & Villains","content","snap-your-alligator-jaws","snap-your-alligator-jaws.mp3","Snap your alligator jaws!","",""
"Heroes & Villains","content","surround-your-lair-with-a-force-field","surround-your-lair-with-a-force-field.mp3","Surround your lair with a force field!","",""
"Heroes & Villains","content","pop-up-a-wall-of-spikes","pop-up-a-wall-of-spikes.mp3","Pop up a wall of spikes!","",""
"Heroes & Villains","content","encase-yourself-in-dark-armor","encase-yourself-in-dark-armor.mp3","Encase yourself in dark armor!","",""
"Heroes & Villains","content","activate-the-laser-fence","activate-the-laser-fence.mp3","Activate the laser fence!","",""
"Heroes & Villains","content","steal-a-cookie","steal-a-cookie.mp3","Steal a cookie!","",""
"Heroes & Villains","content","tie-a-hero-to-a-rocket","tie-a-hero-to-a-rocket.mp3","Tie a hero to a rocket!","",""
"Heroes & Villains","content","kidnap-the-mayors-puppy","kidnap-the-mayors-puppy.mp3","Kidnap the mayor's puppy!","",""
"Heroes & Villains","content","steal-the-citys-pizza-supply","steal-the-citys-pizza-supply.mp3","Steal the city's pizza supply!","",""
"Heroes & Villains","content","plot-to-take-over-the-world","plot-to-take-over-the-world.mp3","Plot to take over the world!","",""
"Heroes & Villains","content","demand-a-giant-ransom","demand-a-giant-ransom.mp3","Demand a giant ransom!","",""
"Heroes & Villains","content","push-a-giant-domino-chain","push-a-giant-domino-chain.mp3","Push a giant domino chain!","",""
"Heroes & Villains","content","trap-the-heroes-in-a-cage","trap-the-heroes-in-a-cage.mp3","Trap the heroes in a cage!","",""
"Heroes & Villains","content","rob-a-vault","rob-a-vault.mp3","Rob a vault!","",""
"Heroes & Villains","content","switch-all-the-road-signs","switch-all-the-road-signs.mp3","Switch all the road signs!","",""
"Heroes & Villains","content","replace-the-candy-with-broccoli","replace-the-candy-with-broccoli.mp3","Replace the candy with broccoli!","",""
"Heroes & Villains","content","release-a-horde-of-rubber-chickens","release-a-horde-of-rubber-chickens.mp3","Release a horde of rubber chickens!","",""
"Heroes & Villains","content","steal-everyones-left-socks","steal-everyones-left-socks.mp3","Steal everyone's left socks!","",""
"Heroes & Villains","content","cancel-saturday-morning-cartoons","cancel-saturday-morning-cartoons.mp3","Cancel Saturday morning cartoons!","",""
"Heroes & Villains","content","glue-everything-to-the-ceiling","glue-everything-to-the-ceiling.mp3","Glue everything to the ceiling!","",""
"Heroes & Villains","content","take-all-the-trophies","take-all-the-trophies.mp3","Take all the trophies!","",""
"Heroes & Villains","content","freeze-time-for-everyone-but-you","freeze-time-for-everyone-but-you.mp3","Freeze time for everyone but you!","",""
"Heroes & Villains","content","open-a-dark-portal","open-a-dark-portal.mp3","Open a dark portal!","",""
"Heroes & Villains","content","travel-back-to-undo-a-hero-victory","travel-back-to-undo-a-hero-victory.mp3","Travel back to undo a hero victory!","",""
"Heroes & Villains","content","rewind-history","rewind-history.mp3","Rewind history!","",""
"Heroes & Villains","content","pop-into-the-heroes-base","pop-into-the-heroes-base.mp3","Pop into the heroes' base!","",""
"Heroes & Villains","content","trap-heroes-in-a-time-loop","trap-heroes-in-a-time-loop.mp3","Trap heroes in a time loop!","",""
"Heroes & Villains","content","click-a-remote-that-controls-all-gadgets","click-a-remote-that-controls-all-gadgets.mp3","Click a remote that controls all gadgets!","",""
"Heroes & Villains","content","steal-everyones-bedtime","steal-everyones-bedtime.mp3","Steal everyone's bedtime!","",""
"Heroes & Villains","content","turn-off-the-sun","turn-off-the-sun.mp3","Turn off the sun!","",""
"Heroes & Villains","content","write-your-name-across-the-moon","write-your-name-across-the-moon.mp3","Write your name across the moon!","",""
"Heroes & Villains","content","rise-as-a-shambling-zombie","rise-as-a-shambling-zombie.mp3","Rise as a shambling zombie!","",""
"Heroes & Villains","content","transform-into-a-vampire-bat","transform-into-a-vampire-bat.mp3","Transform into a vampire bat!","",""
"Heroes & Villains","content","slither-as-a-giant-python-and-squeeze","slither-as-a-giant-python-and-squeeze.mp3","Slither as a giant python and squeeze!","",""
"Heroes & Villains","content","become-a-hairy-spider-monster","become-a-hairy-spider-monster.mp3","Become a hairy spider monster!","",""
"Heroes & Villains","content","phase-into-a-haunting-ghost","phase-into-a-haunting-ghost.mp3","Phase into a haunting ghost!","",""
"Heroes & Villains","content","rise-as-a-skeleton-warlord","rise-as-a-skeleton-warlord.mp3","Rise as a skeleton warlord!","",""
"Heroes & Villains","content","howl-as-a-feral-werewolf-under-a-blood-moon","howl-as-a-feral-werewolf-under-a-blood-moon.mp3","Howl as a feral werewolf under a blood moon!","",""
"Heroes & Villains","content","become-a-komodo-dragon-predator","become-a-komodo-dragon-predator.mp3","Become a Komodo dragon predator!","",""
"Heroes & Villains","content","erupt-as-an-evil-dark-dragon","erupt-as-an-evil-dark-dragon.mp3","Erupt as an evil dark dragon!","",""
"Heroes & Villains","content","skitter-as-a-giant-beetle","skitter-as-a-giant-beetle.mp3","Skitter as a giant beetle!","",""
"Heroes & Villains","content","wave-your-scorpion-tail-and-pinchers","wave-your-scorpion-tail-and-pinchers.mp3","Wave your scorpion tail and pinchers!","",""
"Heroes & Villains","content","become-a-tentacled-sea-monster","become-a-tentacled-sea-monster.mp3","Become a tentacled sea monster!","",""
"Heroes & Villains","content","shapeshift-into-a-rat-king","shapeshift-into-a-rat-king.mp3","Shapeshift into a rat king!","",""
"Heroes & Villains","content","become-a-swamp-crocodile-beast","become-a-swamp-crocodile-beast.mp3","Become a swamp crocodile beast!","",""
"Heroes & Villains","content","reanimate-as-a-bone-golem","reanimate-as-a-bone-golem.mp3","Reanimate as a bone golem!","",""
"Heroes & Villains","content","transform-into-your-darkest-scariest-form","transform-into-your-darkest-scariest-form.mp3","Transform into your darkest, scariest form!","",""
"Heroes & Villains","content","hover-in-place-and-smirk","hover-in-place-and-smirk.mp3","Hover in place and smirk!","",""
"Heroes & Villains","content","absorb-your-minion-to-grow-stronger","absorb-your-minion-to-grow-stronger.mp3","Absorb your minion to grow stronger!","",""
"Heroes & Villains","content","stretch-your-arm-like-pink-goo","stretch-your-arm-like-pink-goo.mp3","Stretch your arm like pink goo!","",""
"Heroes & Villains","content","yell-that-your-power-level-is-over-nine-thousand","yell-that-your-power-level-is-over-nine-thousand.mp3","Yell that your power level is OVER NINE THOUSAND!","",""
"Heroes & Villains","content","charge-a-dark-ki-ball-in-your-palm","charge-a-dark-ki-ball-in-your-palm.mp3","Charge a dark ki ball in your palm!","",""
"Heroes & Villains","content","yell-selfdestruct-and-strike-a-pose","yell-selfdestruct-and-strike-a-pose.mp3","Yell SELF-DESTRUCT and strike a pose!","",""
"Heroes & Villains","content","wiggle-your-fingers-to-brainwash","wiggle-your-fingers-to-brainwash.mp3","Wiggle your fingers to brainwash!","",""
"Heroes & Villains","content","tailwhip-a-hero-with-your-monkey-tail","tailwhip-a-hero-with-your-monkey-tail.mp3","Tail-whip a hero with your monkey tail!","",""
"Heroes & Villains","content","two-fingers-to-your-forehead-drill-beam","two-fingers-to-your-forehead-drill-beam.mp3","Two fingers to your forehead — drill beam!","",""
"Heroes & Villains","content","make-your-eyes-glow-red","make-your-eyes-glow-red.mp3","Make your eyes glow red!","",""
"Heroes & Villains","content","reveal-your-true-monster-form","reveal-your-true-monster-form.mp3","Reveal your true monster form!","",""
"Heroes & Villains","content","throw-a-flurry-of-evil-ki-blasts","throw-a-flurry-of-evil-ki-blasts.mp3","Throw a flurry of evil ki blasts!","",""
"Heroes & Villains","content","cackle-while-charging-up-your-dark-aura","cackle-while-charging-up-your-dark-aura.mp3","Cackle while charging up your dark aura!","",""
"Heroes & Villains","content","spread-purple-darkness-over-the-city","spread-purple-darkness-over-the-city.mp3","Spread purple darkness over the city!","",""
"Simon Says","system","simon-says-touch-your-nose","simon-says-touch-your-nose.mp3","Simon says touch your nose","","Test Voice button line"
"Simon Says","system","time-is-up-great-listening","time-is-up-great-listening.mp3","Time is up! Great listening!","","closing line"
"Simon Says","content","touch-your-nose","touch-your-nose.mp3","touch your nose","","""trick"" form (no ""Simon says"" prefix)"
"Simon Says","content","simon-says-touch-your-toes","simon-says-touch-your-toes.mp3","Simon says touch your toes","","""Simon says"" form"
"Simon Says","content","touch-your-toes","touch-your-toes.mp3","touch your toes","yes","""trick"" form (no ""Simon says"" prefix)"
"Simon Says","content","simon-says-touch-your-ears","simon-says-touch-your-ears.mp3","Simon says touch your ears","","""Simon says"" form"
"Simon Says","content","touch-your-ears","touch-your-ears.mp3","touch your ears","","""trick"" form (no ""Simon says"" prefix)"
"Simon Says","content","simon-says-touch-your-knees","simon-says-touch-your-knees.mp3","Simon says touch your knees","","""Simon says"" form"
"Simon Says","content","touch-your-knees","touch-your-knees.mp3","touch your knees","","""trick"" form (no ""Simon says"" prefix)"
"Simon Says","content","simon-says-touch-your-eyes","simon-says-touch-your-eyes.mp3","Simon says touch your eyes","","""Simon says"" form"
"Simon Says","content","touch-your-eyes","touch-your-eyes.mp3","touch your eyes","","""trick"" form (no ""Simon says"" prefix)"
"Simon Says","content","simon-says-touch-your-mouth","simon-says-touch-your-mouth.mp3","Simon says touch your mouth","","""Simon says"" form"
"Simon Says","content","touch-your-mouth","touch-your-mouth.mp3","touch your mouth","","""trick"" form (no ""Simon says"" prefix)"
"Simon Says","content","simon-says-touch-your-chin","simon-says-touch-your-chin.mp3","Simon says touch your chin","","""Simon says"" form"
"Simon Says","content","touch-your-chin","touch-your-chin.mp3","touch your chin","","""trick"" form (no ""Simon says"" prefix)"
"Simon Says","content","simon-says-touch-your-shoulders","simon-says-touch-your-shoulders.mp3","Simon says touch your shoulders","","""Simon says"" form"
"Simon Says","content","touch-your-shoulders","touch-your-shoulders.mp3","touch your shoulders","","""trick"" form (no ""Simon says"" prefix)"
"Simon Says","content","simon-says-touch-your-elbows","simon-says-touch-your-elbows.mp3","Simon says touch your elbows","","""Simon says"" form"
"Simon Says","content","touch-your-elbows","touch-your-elbows.mp3","touch your elbows","","""trick"" form (no ""Simon says"" prefix)"
"Simon Says","content","simon-says-touch-your-hair","simon-says-touch-your-hair.mp3","Simon says touch your hair","","""Simon says"" form"
"Simon Says","content","touch-your-hair","touch-your-hair.mp3","touch your hair","","""trick"" form (no ""Simon says"" prefix)"
"Simon Says","content","simon-says-touch-your-tummy","simon-says-touch-your-tummy.mp3","Simon says touch your tummy","","""Simon says"" form"
"Simon Says","content","touch-your-tummy","touch-your-tummy.mp3","touch your tummy","","""trick"" form (no ""Simon says"" prefix)"
"Simon Says","content","simon-says-touch-your-forehead","simon-says-touch-your-forehead.mp3","Simon says touch your forehead","","""Simon says"" form"
"Simon Says","content","touch-your-forehead","touch-your-forehead.mp3","touch your forehead","","""trick"" form (no ""Simon says"" prefix)"
"Simon Says","content","simon-says-touch-your-wrist","simon-says-touch-your-wrist.mp3","Simon says touch your wrist","","""Simon says"" form"
"Simon Says","content","touch-your-wrist","touch-your-wrist.mp3","touch your wrist","","""trick"" form (no ""Simon says"" prefix)"
"Simon Says","content","simon-says-touch-your-ankle","simon-says-touch-your-ankle.mp3","Simon says touch your ankle","","""Simon says"" form"
"Simon Says","content","touch-your-ankle","touch-your-ankle.mp3","touch your ankle","","""trick"" form (no ""Simon says"" prefix)"
"Simon Says","content","simon-says-touch-your-eyebrows","simon-says-touch-your-eyebrows.mp3","Simon says touch your eyebrows","","""Simon says"" form"
"Simon Says","content","touch-your-eyebrows","touch-your-eyebrows.mp3","touch your eyebrows","","""trick"" form (no ""Simon says"" prefix)"
"Simon Says","content","simon-says-sit-down","simon-says-sit-down.mp3","Simon says sit down","","""Simon says"" form"
"Simon Says","content","sit-down","sit-down.mp3","sit down","","""trick"" form (no ""Simon says"" prefix)"
"Simon Says","content","simon-says-stand-up","simon-says-stand-up.mp3","Simon says stand up","","""Simon says"" form"
"Simon Says","content","stand-up","stand-up.mp3","stand up","","""trick"" form (no ""Simon says"" prefix)"
"Simon Says","content","simon-says-jump-up-high","simon-says-jump-up-high.mp3","Simon says jump up high","","""Simon says"" form"
"Simon Says","content","jump-up-high","jump-up-high.mp3","jump up high","","""trick"" form (no ""Simon says"" prefix)"
"Simon Says","content","simon-says-spin-around","simon-says-spin-around.mp3","Simon says spin around","","""Simon says"" form"
"Simon Says","content","spin-around","spin-around.mp3","spin around","","""trick"" form (no ""Simon says"" prefix)"
"Simon Says","content","simon-says-turn-around","simon-says-turn-around.mp3","Simon says turn around","","""Simon says"" form"
"Simon Says","content","turn-around","turn-around.mp3","turn around","","""trick"" form (no ""Simon says"" prefix)"
"Simon Says","content","simon-says-crouch-low","simon-says-crouch-low.mp3","Simon says crouch low","","""Simon says"" form"
"Simon Says","content","crouch-low","crouch-low.mp3","crouch low","","""trick"" form (no ""Simon says"" prefix)"
"Simon Says","content","simon-says-freeze","simon-says-freeze.mp3","Simon says freeze","","""Simon says"" form"
"Simon Says","content","freeze","freeze.mp3","freeze","","""trick"" form (no ""Simon says"" prefix)"
"Simon Says","content","simon-says-dance","simon-says-dance.mp3","Simon says dance","","""Simon says"" form"
"Simon Says","content","dance","dance.mp3","dance","","""trick"" form (no ""Simon says"" prefix)"
"Simon Says","content","simon-says-bow","simon-says-bow.mp3","Simon says bow","","""Simon says"" form"
"Simon Says","content","bow","bow.mp3","bow","","""trick"" form (no ""Simon says"" prefix)"
"Simon Says","content","simon-says-shrug-your-shoulders","simon-says-shrug-your-shoulders.mp3","Simon says shrug your shoulders","","""Simon says"" form"
"Simon Says","content","shrug-your-shoulders","shrug-your-shoulders.mp3","shrug your shoulders","","""trick"" form (no ""Simon says"" prefix)"
"Simon Says","content","simon-says-shake-your-head","simon-says-shake-your-head.mp3","Simon says shake your head","","""Simon says"" form"
"Simon Says","content","shake-your-head","shake-your-head.mp3","shake your head","","""trick"" form (no ""Simon says"" prefix)"
"Simon Says","content","simon-says-nod-your-head","simon-says-nod-your-head.mp3","Simon says nod your head","","""Simon says"" form"
"Simon Says","content","nod-your-head","nod-your-head.mp3","nod your head","","""trick"" form (no ""Simon says"" prefix)"
"Simon Says","content","simon-says-clap-your-hands","simon-says-clap-your-hands.mp3","Simon says clap your hands","","""Simon says"" form"
"Simon Says","content","clap-your-hands","clap-your-hands.mp3","clap your hands","","""trick"" form (no ""Simon says"" prefix)"
"Simon Says","content","simon-says-wiggle-your-fingers","simon-says-wiggle-your-fingers.mp3","Simon says wiggle your fingers","","""Simon says"" form"
"Simon Says","content","wiggle-your-fingers","wiggle-your-fingers.mp3","wiggle your fingers","","""trick"" form (no ""Simon says"" prefix)"
"Simon Says","content","simon-says-stomp-your-feet","simon-says-stomp-your-feet.mp3","Simon says stomp your feet","","""Simon says"" form"
"Simon Says","content","stomp-your-feet","stomp-your-feet.mp3","stomp your feet","","""trick"" form (no ""Simon says"" prefix)"
"Simon Says","content","simon-says-wave-hello","simon-says-wave-hello.mp3","Simon says wave hello","","""Simon says"" form"
"Simon Says","content","wave-hello","wave-hello.mp3","wave hello","","""trick"" form (no ""Simon says"" prefix)"
"Simon Says","content","simon-says-blow-a-kiss","simon-says-blow-a-kiss.mp3","Simon says blow a kiss","","""Simon says"" form"
"Simon Says","content","blow-a-kiss","blow-a-kiss.mp3","blow a kiss","","""trick"" form (no ""Simon says"" prefix)"
"Simon Says","content","simon-says-give-a-thumbs-up","simon-says-give-a-thumbs-up.mp3","Simon says give a thumbs up","","""Simon says"" form"
"Simon Says","content","give-a-thumbs-up","give-a-thumbs-up.mp3","give a thumbs up","","""trick"" form (no ""Simon says"" prefix)"
"Simon Says","content","simon-says-cross-your-arms","simon-says-cross-your-arms.mp3","Simon says cross your arms","","""Simon says"" form"
"Simon Says","content","cross-your-arms","cross-your-arms.mp3","cross your arms","","""trick"" form (no ""Simon says"" prefix)"
"Simon Says","content","simon-says-stick-out-your-tongue","simon-says-stick-out-your-tongue.mp3","Simon says stick out your tongue","","""Simon says"" form"
"Simon Says","content","stick-out-your-tongue","stick-out-your-tongue.mp3","stick out your tongue","","""trick"" form (no ""Simon says"" prefix)"
"Simon Says","content","simon-says-clap-three-times","simon-says-clap-three-times.mp3","Simon says clap three times","","""Simon says"" form"
"Simon Says","content","clap-three-times","clap-three-times.mp3","clap three times","","""trick"" form (no ""Simon says"" prefix)"
"Simon Says","content","simon-says-blink-three-times","simon-says-blink-three-times.mp3","Simon says blink three times","","""Simon says"" form"
"Simon Says","content","blink-three-times","blink-three-times.mp3","blink three times","","""trick"" form (no ""Simon says"" prefix)"
"Simon Says","content","simon-says-jump-twice","simon-says-jump-twice.mp3","Simon says jump twice","","""Simon says"" form"
"Simon Says","content","jump-twice","jump-twice.mp3","jump twice","","""trick"" form (no ""Simon says"" prefix)"
"Simon Says","content","simon-says-spin-twice","simon-says-spin-twice.mp3","Simon says spin twice","","""Simon says"" form"
"Simon Says","content","spin-twice","spin-twice.mp3","spin twice","","""trick"" form (no ""Simon says"" prefix)"
"Simon Says","content","simon-says-stomp-three-times","simon-says-stomp-three-times.mp3","Simon says stomp three times","","""Simon says"" form"
"Simon Says","content","stomp-three-times","stomp-three-times.mp3","stomp three times","","""trick"" form (no ""Simon says"" prefix)"
"Simon Says","content","simon-says-snap-your-fingers","simon-says-snap-your-fingers.mp3","Simon says snap your fingers","","""Simon says"" form"
"Simon Says","content","snap-your-fingers","snap-your-fingers.mp3","snap your fingers","","""trick"" form (no ""Simon says"" prefix)"
"Simon Says","content","simon-says-take-a-step-forward","simon-says-take-a-step-forward.mp3","Simon says take a step forward","","""Simon says"" form"
"Simon Says","content","take-a-step-forward","take-a-step-forward.mp3","take a step forward","","""trick"" form (no ""Simon says"" prefix)"
"Simon Says","content","simon-says-take-a-step-back","simon-says-take-a-step-back.mp3","Simon says take a step back","","""Simon says"" form"
"Simon Says","content","take-a-step-back","take-a-step-back.mp3","take a step back","","""trick"" form (no ""Simon says"" prefix)"
"Simon Says","content","simon-says-take-a-step-left","simon-says-take-a-step-left.mp3","Simon says take a step left","","""Simon says"" form"
"Simon Says","content","take-a-step-left","take-a-step-left.mp3","take a step left","","""trick"" form (no ""Simon says"" prefix)"
"Simon Says","content","simon-says-take-a-step-right","simon-says-take-a-step-right.mp3","Simon says take a step right","","""Simon says"" form"
"Simon Says","content","take-a-step-right","take-a-step-right.mp3","take a step right","","""trick"" form (no ""Simon says"" prefix)"
"Simon Says","content","simon-says-lean-forward","simon-says-lean-forward.mp3","Simon says lean forward","","""Simon says"" form"
"Simon Says","content","lean-forward","lean-forward.mp3","lean forward","","""trick"" form (no ""Simon says"" prefix)"
"Simon Says","content","simon-says-reach-for-the-sky","simon-says-reach-for-the-sky.mp3","Simon says reach for the sky","","""Simon says"" form"
"Simon Says","content","reach-for-the-sky","reach-for-the-sky.mp3","reach for the sky","yes","""trick"" form (no ""Simon says"" prefix)"
"Simon Says","content","simon-says-point-at-the-ceiling","simon-says-point-at-the-ceiling.mp3","Simon says point at the ceiling","","""Simon says"" form"
"Simon Says","content","point-at-the-ceiling","point-at-the-ceiling.mp3","point at the ceiling","","""trick"" form (no ""Simon says"" prefix)"
"Simon Says","content","simon-says-touch-elbow-to-knee","simon-says-touch-elbow-to-knee.mp3","Simon says touch elbow to knee","","""Simon says"" form"
"Simon Says","content","touch-elbow-to-knee","touch-elbow-to-knee.mp3","touch elbow to knee","","""trick"" form (no ""Simon says"" prefix)"
"Simon Says","content","simon-says-hop-while-clapping","simon-says-hop-while-clapping.mp3","Simon says hop while clapping","","""Simon says"" form"
"Simon Says","content","hop-while-clapping","hop-while-clapping.mp3","hop while clapping","","""trick"" form (no ""Simon says"" prefix)"
"Simon Says","content","simon-says-stand-on-one-foot-and-wave","simon-says-stand-on-one-foot-and-wave.mp3","Simon says stand on one foot and wave","","""Simon says"" form"
"Simon Says","content","stand-on-one-foot-and-wave","stand-on-one-foot-and-wave.mp3","stand on one foot and wave","","""trick"" form (no ""Simon says"" prefix)"
"Simon Says","content","simon-says-spin-while-clapping","simon-says-spin-while-clapping.mp3","Simon says spin while clapping","","""Simon says"" form"
"Simon Says","content","spin-while-clapping","spin-while-clapping.mp3","spin while clapping","","""trick"" form (no ""Simon says"" prefix)"
"Simon Says","content","simon-says-balance-on-one-foot","simon-says-balance-on-one-foot.mp3","Simon says balance on one foot","","""Simon says"" form"
"Simon Says","content","balance-on-one-foot","balance-on-one-foot.mp3","balance on one foot","yes","""trick"" form (no ""Simon says"" prefix)"
"Simon Says","content","simon-says-march-in-place","simon-says-march-in-place.mp3","Simon says march in place","","""Simon says"" form"
"Simon Says","content","march-in-place","march-in-place.mp3","march in place","","""trick"" form (no ""Simon says"" prefix)"
"Simon Says","content","simon-says-wink-one-eye","simon-says-wink-one-eye.mp3","Simon says wink one eye","","""Simon says"" form"
"Simon Says","content","wink-one-eye","wink-one-eye.mp3","wink one eye","","""trick"" form (no ""Simon says"" prefix)"
"Simon Says","content","simon-says-make-a-silly-face","simon-says-make-a-silly-face.mp3","Simon says make a silly face","","""Simon says"" form"
"Simon Says","content","make-a-silly-face","make-a-silly-face.mp3","make a silly face","","""trick"" form (no ""Simon says"" prefix)"
"Simon Says","content","simon-says-tippy-toe","simon-says-tippy-toe.mp3","Simon says tippy toe","","""Simon says"" form"
"Simon Says","content","tippy-toe","tippy-toe.mp3","tippy toe","","""trick"" form (no ""Simon says"" prefix)"
"Simon Says","content","simon-says-open-your-mouth-wide","simon-says-open-your-mouth-wide.mp3","Simon says open your mouth wide","","""Simon says"" form"
"Simon Says","content","open-your-mouth-wide","open-your-mouth-wide.mp3","open your mouth wide","","""trick"" form (no ""Simon says"" prefix)"
"Simon Says","content","simon-says-tiptoe-like-a-ninja","simon-says-tiptoe-like-a-ninja.mp3","Simon says tiptoe like a ninja","","""Simon says"" form"
"Simon Says","content","tiptoe-like-a-ninja","tiptoe-like-a-ninja.mp3","tiptoe like a ninja","yes","""trick"" form (no ""Simon says"" prefix)"
"Simon Says","content","simon-says-pretend-to-be-a-tree","simon-says-pretend-to-be-a-tree.mp3","Simon says pretend to be a tree","","""Simon says"" form"
"Simon Says","content","pretend-to-be-a-tree","pretend-to-be-a-tree.mp3","pretend to be a tree","yes","""trick"" form (no ""Simon says"" prefix)"
"Animal Antics","system","act-like-a-kangaroo","act-like-a-kangaroo.mp3","Act like a kangaroo","","Test Voice button line"
"Animal Antics","content","act-like-a-cow","act-like-a-cow.mp3","Act like a cow","",""
"Animal Antics","content","act-like-a-pig","act-like-a-pig.mp3","Act like a pig","",""
"Animal Antics","content","act-like-a-sheep","act-like-a-sheep.mp3","Act like a sheep","",""
"Animal Antics","content","act-like-a-horse","act-like-a-horse.mp3","Act like a horse","",""
"Animal Antics","content","act-like-a-chicken","act-like-a-chicken.mp3","Act like a chicken","",""
"Animal Antics","content","act-like-a-duck","act-like-a-duck.mp3","Act like a duck","",""
"Animal Antics","content","act-like-a-donkey","act-like-a-donkey.mp3","Act like a donkey","",""
"Animal Antics","content","act-like-a-turkey","act-like-a-turkey.mp3","Act like a turkey","",""
"Animal Antics","content","act-like-a-rooster","act-like-a-rooster.mp3","Act like a rooster","",""
"Animal Antics","content","act-like-a-goat","act-like-a-goat.mp3","Act like a goat","",""
"Animal Antics","content","act-like-a-llama","act-like-a-llama.mp3","Act like a llama","",""
"Animal Antics","content","act-like-a-bull","act-like-a-bull.mp3","Act like a bull","",""
"Animal Antics","content","act-like-a-lion","act-like-a-lion.mp3","Act like a lion","",""
"Animal Antics","content","act-like-a-tiger","act-like-a-tiger.mp3","Act like a tiger","",""
"Animal Antics","content","act-like-a-elephant","act-like-a-elephant.mp3","Act like a elephant","",""
"Animal Antics","content","act-like-a-monkey","act-like-a-monkey.mp3","Act like a monkey","",""
"Animal Antics","content","act-like-a-gorilla","act-like-a-gorilla.mp3","Act like a gorilla","",""
"Animal Antics","content","act-like-a-jaguar","act-like-a-jaguar.mp3","Act like a jaguar","",""
"Animal Antics","content","act-like-a-parrot","act-like-a-parrot.mp3","Act like a parrot","",""
"Animal Antics","content","act-like-a-sloth","act-like-a-sloth.mp3","Act like a sloth","",""
"Animal Antics","content","act-like-a-orangutan","act-like-a-orangutan.mp3","Act like a orangutan","",""
"Animal Antics","content","act-like-a-panda","act-like-a-panda.mp3","Act like a panda","",""
"Animal Antics","content","act-like-a-hippo","act-like-a-hippo.mp3","Act like a hippo","",""
"Animal Antics","content","act-like-a-rhino","act-like-a-rhino.mp3","Act like a rhino","",""
"Animal Antics","content","act-like-a-giraffe","act-like-a-giraffe.mp3","Act like a giraffe","",""
"Animal Antics","content","act-like-a-zebra","act-like-a-zebra.mp3","Act like a zebra","",""
"Animal Antics","content","act-like-a-crocodile","act-like-a-crocodile.mp3","Act like a crocodile","",""
"Animal Antics","content","act-like-a-flamingo","act-like-a-flamingo.mp3","Act like a flamingo","",""
"Animal Antics","content","act-like-a-eagle","act-like-a-eagle.mp3","Act like a eagle","",""
"Animal Antics","content","act-like-a-bison","act-like-a-bison.mp3","Act like a bison","",""
"Animal Antics","content","act-like-a-peacock","act-like-a-peacock.mp3","Act like a peacock","",""
"Animal Antics","content","act-like-a-shark","act-like-a-shark.mp3","Act like a shark","",""
"Animal Antics","content","act-like-a-whale","act-like-a-whale.mp3","Act like a whale","",""
"Animal Antics","content","act-like-a-octopus","act-like-a-octopus.mp3","Act like a octopus","",""
"Animal Antics","content","act-like-a-crab","act-like-a-crab.mp3","Act like a crab","",""
"Animal Antics","content","act-like-a-dolphin","act-like-a-dolphin.mp3","Act like a dolphin","",""
"Animal Antics","content","act-like-a-jellyfish","act-like-a-jellyfish.mp3","Act like a jellyfish","",""
"Animal Antics","content","act-like-a-lobster","act-like-a-lobster.mp3","Act like a lobster","",""
"Animal Antics","content","act-like-a-sea-turtle","act-like-a-sea-turtle.mp3","Act like a sea turtle","",""
"Animal Antics","content","act-like-a-pufferfish","act-like-a-pufferfish.mp3","Act like a pufferfish","",""
"Animal Antics","content","act-like-a-tropical-fish","act-like-a-tropical-fish.mp3","Act like a tropical fish","",""
"Animal Antics","content","act-like-a-shrimp","act-like-a-shrimp.mp3","Act like a shrimp","",""
"Animal Antics","content","act-like-a-oyster","act-like-a-oyster.mp3","Act like a oyster","",""
"Animal Antics","content","act-like-a-wolf","act-like-a-wolf.mp3","Act like a wolf","",""
"Animal Antics","content","act-like-a-bear","act-like-a-bear.mp3","Act like a bear","",""
"Animal Antics","content","act-like-a-fox","act-like-a-fox.mp3","Act like a fox","",""
"Animal Antics","content","act-like-a-owl","act-like-a-owl.mp3","Act like a owl","",""
"Animal Antics","content","act-like-a-deer","act-like-a-deer.mp3","Act like a deer","",""
"Animal Antics","content","act-like-a-squirrel","act-like-a-squirrel.mp3","Act like a squirrel","",""
"Animal Antics","content","act-like-a-raccoon","act-like-a-raccoon.mp3","Act like a raccoon","",""
"Animal Antics","content","act-like-a-beaver","act-like-a-beaver.mp3","Act like a beaver","",""
"Animal Antics","content","act-like-a-badger","act-like-a-badger.mp3","Act like a badger","",""
"Animal Antics","content","act-like-a-hedgehog","act-like-a-hedgehog.mp3","Act like a hedgehog","",""
"Animal Antics","content","act-like-a-mouse","act-like-a-mouse.mp3","Act like a mouse","",""
"Animal Antics","content","act-like-a-frog","act-like-a-frog.mp3","Act like a frog","",""
"Animal Antics","content","act-like-a-snake","act-like-a-snake.mp3","Act like a snake","",""
"Animal Antics","content","act-like-a-skunk","act-like-a-skunk.mp3","Act like a skunk","",""
"Animal Antics","content","act-like-a-penguin","act-like-a-penguin.mp3","Act like a penguin","",""
"Animal Antics","content","act-like-a-polar-bear","act-like-a-polar-bear.mp3","Act like a polar bear","",""
"Animal Antics","content","act-like-a-seal","act-like-a-seal.mp3","Act like a seal","",""
"Animal Antics","content","act-like-a-mammoth","act-like-a-mammoth.mp3","Act like a mammoth","",""
"Animal Antics","content","act-like-a-cat","act-like-a-cat.mp3","Act like a cat","",""
"Animal Antics","content","act-like-a-dog","act-like-a-dog.mp3","Act like a dog","",""
"Animal Antics","content","act-like-a-rabbit","act-like-a-rabbit.mp3","Act like a rabbit","",""
"Animal Antics","content","act-like-a-hamster","act-like-a-hamster.mp3","Act like a hamster","",""
"Animal Antics","content","act-like-a-swan","act-like-a-swan.mp3","Act like a swan","",""
"Animal Antics","content","act-like-a-butterfly","act-like-a-butterfly.mp3","Act like a butterfly","",""
"Animal Antics","content","act-like-a-ladybug","act-like-a-ladybug.mp3","Act like a ladybug","",""
"Animal Antics","content","act-like-a-ant","act-like-a-ant.mp3","Act like a ant","",""
"Animal Antics","content","act-like-a-snail","act-like-a-snail.mp3","Act like a snail","",""
"Animal Antics","content","act-like-a-spider","act-like-a-spider.mp3","Act like a spider","",""
"Animal Antics","content","act-like-a-bee","act-like-a-bee.mp3","Act like a bee","",""
"Animal Antics","content","act-like-a-mosquito","act-like-a-mosquito.mp3","Act like a mosquito","",""
"Animal Antics","content","act-like-a-crow","act-like-a-crow.mp3","Act like a crow","",""
"Animal Antics","content","act-like-a-trex","act-like-a-trex.mp3","Act like a T-rex","",""
"Animal Antics","content","act-like-a-brontosaurus","act-like-a-brontosaurus.mp3","Act like a brontosaurus","",""
"What is it?","system","its-an-apple","its-an-apple.mp3","It's an apple","","Test Voice button line — uses ""an"""
"What is it?","content","its-a-cow","its-a-cow.mp3","It's a cow","",""
"What is it?","content","its-a-pig","its-a-pig.mp3","It's a pig","",""
"What is it?","content","its-a-sheep","its-a-sheep.mp3","It's a sheep","",""
"What is it?","content","its-a-horse","its-a-horse.mp3","It's a horse","",""
"What is it?","content","its-a-chicken","its-a-chicken.mp3","It's a chicken","",""
"What is it?","content","its-a-duck","its-a-duck.mp3","It's a duck","",""
"What is it?","content","its-a-donkey","its-a-donkey.mp3","It's a donkey","",""
"What is it?","content","its-a-turkey","its-a-turkey.mp3","It's a turkey","",""
"What is it?","content","its-a-rooster","its-a-rooster.mp3","It's a rooster","",""
"What is it?","content","its-a-goat","its-a-goat.mp3","It's a goat","",""
"What is it?","content","its-a-llama","its-a-llama.mp3","It's a llama","",""
"What is it?","content","its-a-bull","its-a-bull.mp3","It's a bull","",""
"What is it?","content","its-a-lion","its-a-lion.mp3","It's a lion","",""
"What is it?","content","its-a-tiger","its-a-tiger.mp3","It's a tiger","",""
"What is it?","content","its-a-elephant","its-a-elephant.mp3","It's a elephant","",""
"What is it?","content","its-a-monkey","its-a-monkey.mp3","It's a monkey","",""
"What is it?","content","its-a-gorilla","its-a-gorilla.mp3","It's a gorilla","",""
"What is it?","content","its-a-jaguar","its-a-jaguar.mp3","It's a jaguar","",""
"What is it?","content","its-a-parrot","its-a-parrot.mp3","It's a parrot","",""
"What is it?","content","its-a-sloth","its-a-sloth.mp3","It's a sloth","",""
"What is it?","content","its-a-orangutan","its-a-orangutan.mp3","It's a orangutan","",""
"What is it?","content","its-a-panda","its-a-panda.mp3","It's a panda","",""
"What is it?","content","its-a-hippo","its-a-hippo.mp3","It's a hippo","",""
"What is it?","content","its-a-rhino","its-a-rhino.mp3","It's a rhino","",""
"What is it?","content","its-a-giraffe","its-a-giraffe.mp3","It's a giraffe","",""
"What is it?","content","its-a-zebra","its-a-zebra.mp3","It's a zebra","",""
"What is it?","content","its-a-kangaroo","its-a-kangaroo.mp3","It's a kangaroo","",""
"What is it?","content","its-a-crocodile","its-a-crocodile.mp3","It's a crocodile","",""
"What is it?","content","its-a-flamingo","its-a-flamingo.mp3","It's a flamingo","",""
"What is it?","content","its-a-eagle","its-a-eagle.mp3","It's a eagle","",""
"What is it?","content","its-a-bison","its-a-bison.mp3","It's a bison","",""
"What is it?","content","its-a-peacock","its-a-peacock.mp3","It's a peacock","",""
"What is it?","content","its-a-shark","its-a-shark.mp3","It's a shark","",""
"What is it?","content","its-a-whale","its-a-whale.mp3","It's a whale","",""
"What is it?","content","its-a-octopus","its-a-octopus.mp3","It's a octopus","",""
"What is it?","content","its-a-crab","its-a-crab.mp3","It's a crab","",""
"What is it?","content","its-a-dolphin","its-a-dolphin.mp3","It's a dolphin","",""
"What is it?","content","its-a-jellyfish","its-a-jellyfish.mp3","It's a jellyfish","",""
"What is it?","content","its-a-lobster","its-a-lobster.mp3","It's a lobster","",""
"What is it?","content","its-a-sea-turtle","its-a-sea-turtle.mp3","It's a sea turtle","",""
"What is it?","content","its-a-pufferfish","its-a-pufferfish.mp3","It's a pufferfish","",""
"What is it?","content","its-a-tropical-fish","its-a-tropical-fish.mp3","It's a tropical fish","",""
"What is it?","content","its-a-shrimp","its-a-shrimp.mp3","It's a shrimp","",""
"What is it?","content","its-a-oyster","its-a-oyster.mp3","It's a oyster","",""
"What is it?","content","its-a-wolf","its-a-wolf.mp3","It's a wolf","",""
"What is it?","content","its-a-bear","its-a-bear.mp3","It's a bear","",""
"What is it?","content","its-a-fox","its-a-fox.mp3","It's a fox","",""
"What is it?","content","its-a-owl","its-a-owl.mp3","It's a owl","",""
"What is it?","content","its-a-deer","its-a-deer.mp3","It's a deer","",""
"What is it?","content","its-a-squirrel","its-a-squirrel.mp3","It's a squirrel","",""
"What is it?","content","its-a-raccoon","its-a-raccoon.mp3","It's a raccoon","",""
"What is it?","content","its-a-beaver","its-a-beaver.mp3","It's a beaver","",""
"What is it?","content","its-a-badger","its-a-badger.mp3","It's a badger","",""
"What is it?","content","its-a-hedgehog","its-a-hedgehog.mp3","It's a hedgehog","",""
"What is it?","content","its-a-mouse","its-a-mouse.mp3","It's a mouse","",""
"What is it?","content","its-a-frog","its-a-frog.mp3","It's a frog","",""
"What is it?","content","its-a-snake","its-a-snake.mp3","It's a snake","",""
"What is it?","content","its-a-skunk","its-a-skunk.mp3","It's a skunk","",""
"What is it?","content","its-a-penguin","its-a-penguin.mp3","It's a penguin","",""
"What is it?","content","its-a-polar-bear","its-a-polar-bear.mp3","It's a polar bear","",""
"What is it?","content","its-a-seal","its-a-seal.mp3","It's a seal","",""
"What is it?","content","its-a-mammoth","its-a-mammoth.mp3","It's a mammoth","",""
"What is it?","content","its-a-cat","its-a-cat.mp3","It's a cat","",""
"What is it?","content","its-a-dog","its-a-dog.mp3","It's a dog","",""
"What is it?","content","its-a-rabbit","its-a-rabbit.mp3","It's a rabbit","",""
"What is it?","content","its-a-hamster","its-a-hamster.mp3","It's a hamster","",""
"What is it?","content","its-a-swan","its-a-swan.mp3","It's a swan","",""
"What is it?","content","its-a-butterfly","its-a-butterfly.mp3","It's a butterfly","",""
"What is it?","content","its-a-ladybug","its-a-ladybug.mp3","It's a ladybug","",""
"What is it?","content","its-a-ant","its-a-ant.mp3","It's a ant","",""
"What is it?","content","its-a-snail","its-a-snail.mp3","It's a snail","",""
"What is it?","content","its-a-spider","its-a-spider.mp3","It's a spider","",""
"What is it?","content","its-a-bee","its-a-bee.mp3","It's a bee","",""
"What is it?","content","its-a-mosquito","its-a-mosquito.mp3","It's a mosquito","",""
"What is it?","content","its-a-crow","its-a-crow.mp3","It's a crow","",""
"What is it?","content","its-a-trex","its-a-trex.mp3","It's a T-rex","",""
"What is it?","content","its-a-brontosaurus","its-a-brontosaurus.mp3","It's a brontosaurus","",""
"What is it?","content","its-a-apple","its-a-apple.mp3","It's a apple","",""
"What is it?","content","its-a-banana","its-a-banana.mp3","It's a banana","",""
"What is it?","content","its-a-grapes","its-a-grapes.mp3","It's a grapes","",""
"What is it?","content","its-a-strawberry","its-a-strawberry.mp3","It's a strawberry","",""
"What is it?","content","its-a-watermelon","its-a-watermelon.mp3","It's a watermelon","",""
"What is it?","content","its-a-orange","its-a-orange.mp3","It's a orange","",""
"What is it?","content","its-a-lemon","its-a-lemon.mp3","It's a lemon","",""
"What is it?","content","its-a-peach","its-a-peach.mp3","It's a peach","",""
"What is it?","content","its-a-cherry","its-a-cherry.mp3","It's a cherry","",""
"What is it?","content","its-a-pear","its-a-pear.mp3","It's a pear","",""
"What is it?","content","its-a-pineapple","its-a-pineapple.mp3","It's a pineapple","",""
"What is it?","content","its-a-kiwi","its-a-kiwi.mp3","It's a kiwi","",""
"What is it?","content","its-a-mango","its-a-mango.mp3","It's a mango","",""
"What is it?","content","its-a-coconut","its-a-coconut.mp3","It's a coconut","",""
"What is it?","content","its-a-blueberries","its-a-blueberries.mp3","It's a blueberries","",""
"What is it?","content","its-a-avocado","its-a-avocado.mp3","It's a avocado","",""
"What is it?","content","its-a-tomato","its-a-tomato.mp3","It's a tomato","",""
"What is it?","content","its-a-corn","its-a-corn.mp3","It's a corn","",""
"What is it?","content","its-a-carrot","its-a-carrot.mp3","It's a carrot","",""
"What is it?","content","its-a-broccoli","its-a-broccoli.mp3","It's a broccoli","",""
"What is it?","content","its-a-cucumber","its-a-cucumber.mp3","It's a cucumber","",""
"What is it?","content","its-a-eggplant","its-a-eggplant.mp3","It's a eggplant","",""
"What is it?","content","its-a-potato","its-a-potato.mp3","It's a potato","",""
"What is it?","content","its-a-onion","its-a-onion.mp3","It's a onion","",""
"What is it?","content","its-a-garlic","its-a-garlic.mp3","It's a garlic","",""
"What is it?","content","its-a-mushroom","its-a-mushroom.mp3","It's a mushroom","",""
"What is it?","content","its-a-chili-pepper","its-a-chili-pepper.mp3","It's a chili pepper","",""
"What is it?","content","its-a-bell-pepper","its-a-bell-pepper.mp3","It's a bell pepper","",""
"What is it?","content","its-a-pizza","its-a-pizza.mp3","It's a pizza","",""
"What is it?","content","its-a-hamburger","its-a-hamburger.mp3","It's a hamburger","",""
"What is it?","content","its-a-taco","its-a-taco.mp3","It's a taco","",""
"What is it?","content","its-a-burrito","its-a-burrito.mp3","It's a burrito","",""
"What is it?","content","its-a-hot-dog","its-a-hot-dog.mp3","It's a hot dog","",""
"What is it?","content","its-a-sandwich","its-a-sandwich.mp3","It's a sandwich","",""
"What is it?","content","its-a-spaghetti","its-a-spaghetti.mp3","It's a spaghetti","",""
"What is it?","content","its-a-sushi","its-a-sushi.mp3","It's a sushi","",""
"What is it?","content","its-a-ramen","its-a-ramen.mp3","It's a ramen","",""
"What is it?","content","its-a-dumpling","its-a-dumpling.mp3","It's a dumpling","",""
"What is it?","content","its-a-rice-ball","its-a-rice-ball.mp3","It's a rice ball","",""
"What is it?","content","its-a-salad","its-a-salad.mp3","It's a salad","",""
"What is it?","content","its-a-fries","its-a-fries.mp3","It's a fries","",""
"What is it?","content","its-a-steak","its-a-steak.mp3","It's a steak","",""
"What is it?","content","its-a-chicken-leg","its-a-chicken-leg.mp3","It's a chicken leg","",""
"What is it?","content","its-a-bacon","its-a-bacon.mp3","It's a bacon","",""
"What is it?","content","its-a-fried-egg","its-a-fried-egg.mp3","It's a fried egg","",""
"What is it?","content","its-a-egg","its-a-egg.mp3","It's a egg","",""
"What is it?","content","its-a-bread","its-a-bread.mp3","It's a bread","",""
"What is it?","content","its-a-croissant","its-a-croissant.mp3","It's a croissant","",""
"What is it?","content","its-a-bagel","its-a-bagel.mp3","It's a bagel","",""
"What is it?","content","its-a-pancakes","its-a-pancakes.mp3","It's a pancakes","",""
"What is it?","content","its-a-waffle","its-a-waffle.mp3","It's a waffle","",""
"What is it?","content","its-a-cheese","its-a-cheese.mp3","It's a cheese","",""
"What is it?","content","its-a-donut","its-a-donut.mp3","It's a donut","",""
"What is it?","content","its-a-cookie","its-a-cookie.mp3","It's a cookie","",""
"What is it?","content","its-a-cake","its-a-cake.mp3","It's a cake","",""
"What is it?","content","its-a-birthday-cake","its-a-birthday-cake.mp3","It's a birthday cake","",""
"What is it?","content","its-a-cupcake","its-a-cupcake.mp3","It's a cupcake","",""
"What is it?","content","its-a-pie","its-a-pie.mp3","It's a pie","",""
"What is it?","content","its-a-ice-cream","its-a-ice-cream.mp3","It's a ice cream","",""
"What is it?","content","its-a-lollipop","its-a-lollipop.mp3","It's a lollipop","",""
"What is it?","content","its-a-chocolate","its-a-chocolate.mp3","It's a chocolate","",""
"What is it?","content","its-a-popcorn","its-a-popcorn.mp3","It's a popcorn","",""
"What is it?","content","its-a-milk","its-a-milk.mp3","It's a milk","",""
"What is it?","content","its-a-juice","its-a-juice.mp3","It's a juice","",""
"What is it?","content","its-a-tea","its-a-tea.mp3","It's a tea","",""
"What is it?","content","its-a-house","its-a-house.mp3","It's a house","",""
"What is it?","content","its-a-castle","its-a-castle.mp3","It's a castle","",""
"What is it?","content","its-a-tent","its-a-tent.mp3","It's a tent","",""
"What is it?","content","its-a-door","its-a-door.mp3","It's a door","",""
"What is it?","content","its-a-chair","its-a-chair.mp3","It's a chair","",""
"What is it?","content","its-a-bed","its-a-bed.mp3","It's a bed","",""
"What is it?","content","its-a-bathtub","its-a-bathtub.mp3","It's a bathtub","",""
"What is it?","content","its-a-window","its-a-window.mp3","It's a window","",""
"What is it?","content","its-a-light-bulb","its-a-light-bulb.mp3","It's a light bulb","",""
"What is it?","content","its-a-clock","its-a-clock.mp3","It's a clock","",""
"What is it?","content","its-a-key","its-a-key.mp3","It's a key","",""
"What is it?","content","its-a-soap","its-a-soap.mp3","It's a soap","",""
"What is it?","content","its-a-toothbrush","its-a-toothbrush.mp3","It's a toothbrush","",""
"What is it?","content","its-a-broom","its-a-broom.mp3","It's a broom","",""
"What is it?","content","its-a-bucket","its-a-bucket.mp3","It's a bucket","",""
"What is it?","content","its-a-book","its-a-book.mp3","It's a book","",""
"What is it?","content","its-a-pencil","its-a-pencil.mp3","It's a pencil","",""
"What is it?","content","its-a-crayon","its-a-crayon.mp3","It's a crayon","",""
"What is it?","content","its-a-paint-palette","its-a-paint-palette.mp3","It's a paint palette","",""
"What is it?","content","its-a-ruler","its-a-ruler.mp3","It's a ruler","",""
"What is it?","content","its-a-scissors","its-a-scissors.mp3","It's a scissors","",""
"What is it?","content","its-a-backpack","its-a-backpack.mp3","It's a backpack","",""
"What is it?","content","its-a-hammer","its-a-hammer.mp3","It's a hammer","",""
"What is it?","content","its-a-wrench","its-a-wrench.mp3","It's a wrench","",""
"What is it?","content","its-a-screwdriver","its-a-screwdriver.mp3","It's a screwdriver","",""
"What is it?","content","its-a-saw","its-a-saw.mp3","It's a saw","",""
"What is it?","content","its-a-axe","its-a-axe.mp3","It's a axe","",""
"What is it?","content","its-a-ladder","its-a-ladder.mp3","It's a ladder","",""
"What is it?","content","its-a-magnet","its-a-magnet.mp3","It's a magnet","",""
"What is it?","content","its-a-telescope","its-a-telescope.mp3","It's a telescope","",""
"What is it?","content","its-a-microscope","its-a-microscope.mp3","It's a microscope","",""
"What is it?","content","its-a-fire-extinguisher","its-a-fire-extinguisher.mp3","It's a fire extinguisher","",""
"What is it?","content","its-a-map","its-a-map.mp3","It's a map","",""
"What is it?","content","its-a-compass","its-a-compass.mp3","It's a compass","",""
"What is it?","content","its-a-guitar","its-a-guitar.mp3","It's a guitar","",""
"What is it?","content","its-a-drum","its-a-drum.mp3","It's a drum","",""
"What is it?","content","its-a-trumpet","its-a-trumpet.mp3","It's a trumpet","",""
"What is it?","content","its-a-saxophone","its-a-saxophone.mp3","It's a saxophone","",""
"What is it?","content","its-a-violin","its-a-violin.mp3","It's a violin","",""
"What is it?","content","its-a-piano","its-a-piano.mp3","It's a piano","",""
"What is it?","content","its-a-microphone","its-a-microphone.mp3","It's a microphone","",""
"What is it?","content","its-a-headphones","its-a-headphones.mp3","It's a headphones","",""
"What is it?","content","its-a-cap","its-a-cap.mp3","It's a cap","",""
"What is it?","content","its-a-top-hat","its-a-top-hat.mp3","It's a top hat","",""
"What is it?","content","its-a-sun-hat","its-a-sun-hat.mp3","It's a sun hat","",""
"What is it?","content","its-a-crown","its-a-crown.mp3","It's a crown","",""
"What is it?","content","its-a-helmet","its-a-helmet.mp3","It's a helmet","",""
"What is it?","content","its-a-glasses","its-a-glasses.mp3","It's a glasses","",""
"What is it?","content","its-a-sunglasses","its-a-sunglasses.mp3","It's a sunglasses","",""
"What is it?","content","its-a-sneaker","its-a-sneaker.mp3","It's a sneaker","",""
"What is it?","content","its-a-boot","its-a-boot.mp3","It's a boot","",""
"What is it?","content","its-a-gloves","its-a-gloves.mp3","It's a gloves","",""
"What is it?","content","its-a-socks","its-a-socks.mp3","It's a socks","",""
"What is it?","content","its-a-scarf","its-a-scarf.mp3","It's a scarf","",""
"What is it?","content","its-a-phone","its-a-phone.mp3","It's a phone","",""
"What is it?","content","its-a-camera","its-a-camera.mp3","It's a camera","",""
"What is it?","content","its-a-tv","its-a-tv.mp3","It's a TV","",""
"What is it?","content","its-a-laptop","its-a-laptop.mp3","It's a laptop","",""
"What is it?","content","its-a-watch","its-a-watch.mp3","It's a watch","",""
"What is it?","content","its-a-game-controller","its-a-game-controller.mp3","It's a game controller","",""
"What is it?","content","its-a-teddy-bear","its-a-teddy-bear.mp3","It's a teddy bear","",""
"What is it?","content","its-a-balloon","its-a-balloon.mp3","It's a balloon","",""
"What is it?","content","its-a-kite","its-a-kite.mp3","It's a kite","",""
"What is it?","content","its-a-gift","its-a-gift.mp3","It's a gift","",""
"What is it?","content","its-a-dice","its-a-dice.mp3","It's a dice","",""
"What is it?","content","its-a-puzzle-piece","its-a-puzzle-piece.mp3","It's a puzzle piece","",""
"What is it?","content","its-a-yoyo","its-a-yoyo.mp3","It's a yo-yo","",""
"What is it?","content","its-a-piata","its-a-piata.mp3","It's a piñata","",""
"What is it?","content","its-a-ribbon","its-a-ribbon.mp3","It's a ribbon","",""
"What is it?","content","its-a-umbrella","its-a-umbrella.mp3","It's a umbrella","",""
"What is it?","content","its-a-diamond","its-a-diamond.mp3","It's a diamond","",""
"What is it?","content","its-a-ring","its-a-ring.mp3","It's a ring","",""
"What is it?","content","its-a-coin","its-a-coin.mp3","It's a coin","",""
"What is it?","content","its-a-car","its-a-car.mp3","It's a car","",""
"What is it?","content","its-a-taxi","its-a-taxi.mp3","It's a taxi","",""
"What is it?","content","its-a-bus","its-a-bus.mp3","It's a bus","",""
"What is it?","content","its-a-police-car","its-a-police-car.mp3","It's a police car","",""
"What is it?","content","its-a-fire-truck","its-a-fire-truck.mp3","It's a fire truck","",""
"What is it?","content","its-a-ambulance","its-a-ambulance.mp3","It's a ambulance","",""
"What is it?","content","its-a-truck","its-a-truck.mp3","It's a truck","",""
"What is it?","content","its-a-pickup","its-a-pickup.mp3","It's a pickup","",""
"What is it?","content","its-a-minivan","its-a-minivan.mp3","It's a minivan","",""
"What is it?","content","its-a-race-car","its-a-race-car.mp3","It's a race car","",""
"What is it?","content","its-a-tractor","its-a-tractor.mp3","It's a tractor","",""
"What is it?","content","its-a-bicycle","its-a-bicycle.mp3","It's a bicycle","",""
"What is it?","content","its-a-scooter","its-a-scooter.mp3","It's a scooter","",""
"What is it?","content","its-a-motorcycle","its-a-motorcycle.mp3","It's a motorcycle","",""
"What is it?","content","its-a-sled","its-a-sled.mp3","It's a sled","",""
"What is it?","content","its-a-train","its-a-train.mp3","It's a train","",""
"What is it?","content","its-a-airplane","its-a-airplane.mp3","It's a airplane","",""
"What is it?","content","its-a-helicopter","its-a-helicopter.mp3","It's a helicopter","",""
"What is it?","content","its-a-rocket","its-a-rocket.mp3","It's a rocket","",""
"What is it?","content","its-a-ufo","its-a-ufo.mp3","It's a UFO","",""
"What is it?","content","its-a-speedboat","its-a-speedboat.mp3","It's a speedboat","",""
"What is it?","content","its-a-sailboat","its-a-sailboat.mp3","It's a sailboat","",""
"What is it?","content","its-a-canoe","its-a-canoe.mp3","It's a canoe","",""
"What is it?","content","its-a-ship","its-a-ship.mp3","It's a ship","",""
"What is it?","content","its-a-sun","its-a-sun.mp3","It's a sun","",""
"What is it?","content","its-a-moon","its-a-moon.mp3","It's a moon","",""
"What is it?","content","its-a-star","its-a-star.mp3","It's a star","",""
"What is it?","content","its-a-cloud","its-a-cloud.mp3","It's a cloud","",""
"What is it?","content","its-a-rainbow","its-a-rainbow.mp3","It's a rainbow","",""
"What is it?","content","its-a-sunrise","its-a-sunrise.mp3","It's a sunrise","",""
"What is it?","content","its-a-earth","its-a-earth.mp3","It's a earth","",""
"What is it?","content","its-a-planet","its-a-planet.mp3","It's a planet","",""
"What is it?","content","its-a-comet","its-a-comet.mp3","It's a comet","",""
"What is it?","content","its-a-snowflake","its-a-snowflake.mp3","It's a snowflake","",""
"What is it?","content","its-a-lightning","its-a-lightning.mp3","It's a lightning","",""
"What is it?","content","its-a-fire","its-a-fire.mp3","It's a fire","",""
"What is it?","content","its-a-water-drop","its-a-water-drop.mp3","It's a water drop","",""
"What is it?","content","its-a-rain-cloud","its-a-rain-cloud.mp3","It's a rain cloud","",""
"What is it?","content","its-a-tree","its-a-tree.mp3","It's a tree","",""
"What is it?","content","its-a-palm-tree","its-a-palm-tree.mp3","It's a palm tree","",""
"What is it?","content","its-a-cactus","its-a-cactus.mp3","It's a cactus","",""
"What is it?","content","its-a-flower","its-a-flower.mp3","It's a flower","",""
"What is it?","content","its-a-rose","its-a-rose.mp3","It's a rose","",""
"What is it?","content","its-a-tulip","its-a-tulip.mp3","It's a tulip","",""
"What is it?","content","its-a-sunflower","its-a-sunflower.mp3","It's a sunflower","",""
"What is it?","content","its-a-leaf","its-a-leaf.mp3","It's a leaf","",""
"What is it?","content","its-a-maple-leaf","its-a-maple-leaf.mp3","It's a maple leaf","",""
"What is it?","content","its-a-fallen-leaves","its-a-fallen-leaves.mp3","It's a fallen leaves","",""
"What is it?","content","its-a-seedling","its-a-seedling.mp3","It's a seedling","",""
"What is it?","content","its-a-clover","its-a-clover.mp3","It's a clover","",""
"What is it?","content","its-a-wheat","its-a-wheat.mp3","It's a wheat","",""
"What is it?","content","its-a-mountain","its-a-mountain.mp3","It's a mountain","",""
"What is it?","content","its-a-volcano","its-a-volcano.mp3","It's a volcano","",""
"What is it?","content","its-a-ocean-wave","its-a-ocean-wave.mp3","It's a ocean wave","",""
"What is it?","content","its-a-rock","its-a-rock.mp3","It's a rock","",""
"What is it?","content","its-a-soccer-ball","its-a-soccer-ball.mp3","It's a soccer ball","",""
"What is it?","content","its-a-baseball","its-a-baseball.mp3","It's a baseball","",""
"What is it?","content","its-a-basketball","its-a-basketball.mp3","It's a basketball","",""
"What is it?","content","its-a-football","its-a-football.mp3","It's a football","",""
"What is it?","content","its-a-tennis-ball","its-a-tennis-ball.mp3","It's a tennis ball","",""
"What is it?","content","its-a-volleyball","its-a-volleyball.mp3","It's a volleyball","",""
"What is it?","content","its-a-ping-pong","its-a-ping-pong.mp3","It's a ping pong","",""
"What is it?","content","its-a-badminton","its-a-badminton.mp3","It's a badminton","",""
"What is it?","content","its-a-frisbee","its-a-frisbee.mp3","It's a frisbee","",""
"What is it?","content","its-a-bowling","its-a-bowling.mp3","It's a bowling","",""
"What is it?","content","its-a-golf","its-a-golf.mp3","It's a golf","",""
"What is it?","content","its-a-hockey","its-a-hockey.mp3","It's a hockey","",""
"What is it?","content","its-a-ice-skate","its-a-ice-skate.mp3","It's a ice skate","",""
"Mission Control","system","mission-control-all-systems-go","mission-control-all-systems-go.mp3","Mission Control: all systems go!","","Test Voice button line"
"Mission Control","system","mission-accomplished-great-flying","mission-accomplished-great-flying.mp3","Mission accomplished! Great flying!","","closing line"
"Mission Control","content","run-the-preflight-check","run-the-preflight-check.mp3","Run the pre-flight check!","",""
"Mission Control","content","strap-into-your-seat","strap-into-your-seat.mp3","Strap into your seat!","",""
"Mission Control","content","helmet-on","helmet-on.mp3","Helmet on!","",""
"Mission Control","content","power-up-the-engines","power-up-the-engines.mp3","Power up the engines!","",""
"Mission Control","content","final-checks-complete","final-checks-complete.mp3","Final checks complete!","",""
"Mission Control","content","crew-sound-off","crew-sound-off.mp3","Crew, sound off!","",""
"Mission Control","content","ten","ten.mp3","Ten!","",""
"Mission Control","content","nine","nine.mp3","Nine!","",""
"Mission Control","content","eight","eight.mp3","Eight!","",""
"Mission Control","content","seven","seven.mp3","Seven!","",""
"Mission Control","content","six","six.mp3","Six!","",""
"Mission Control","content","five","five.mp3","Five!","",""
"Mission Control","content","four","four.mp3","Four!","",""
"Mission Control","content","three","three.mp3","Three!","",""
"Mission Control","content","two","two.mp3","Two!","",""
"Mission Control","content","one","one.mp3","One!","",""
"Mission Control","content","blast-off","blast-off.mp3","BLAST OFF!","",""
"Mission Control","content","liftoff-reach-for-the-stars","liftoff-reach-for-the-stars.mp3","Liftoff! Reach for the stars!","",""
"Mission Control","content","engines-on-full","engines-on-full.mp3","Engines on full!","",""
"Mission Control","content","throttle-up","throttle-up.mp3","Throttle up!","",""
"Mission Control","content","climb-steep-through-the-clouds","climb-steep-through-the-clouds.mp3","Climb steep — through the clouds!","",""
"Mission Control","content","punching-through-the-atmosphere","punching-through-the-atmosphere.mp3","Punching through the atmosphere!","",""
"Mission Control","content","bank-left-hard","bank-left-hard.mp3","Bank left, hard!","",""
"Mission Control","content","bank-right-hard","bank-right-hard.mp3","Bank right, hard!","",""
"Mission Control","content","punch-through-the-clouds","punch-through-the-clouds.mp3","Punch through the clouds!","",""
"Mission Control","content","avoid-the-lightning-storm","avoid-the-lightning-storm.mp3","Avoid the lightning storm!","",""
"Mission Control","content","fly-over-the-mountains","fly-over-the-mountains.mp3","Fly over the mountains!","",""
"Mission Control","content","skim-across-the-ocean","skim-across-the-ocean.mp3","Skim across the ocean!","",""
"Mission Control","content","race-an-eagle","race-an-eagle.mp3","Race an eagle!","",""
"Mission Control","content","fly-through-a-rainbow","fly-through-a-rainbow.mp3","Fly through a rainbow!","",""
"Mission Control","content","eye-of-the-tornado","eye-of-the-tornado.mp3","Eye of the tornado!","",""
"Mission Control","content","climb-steep","climb-steep.mp3","Climb steep!","",""
"Mission Control","content","pull-up-pull-up","pull-up-pull-up.mp3","Pull up! Pull up!","",""
"Mission Control","content","soar-like-an-eagle","soar-like-an-eagle.mp3","Soar like an eagle!","yes",""
"Mission Control","content","engage-afterburner","engage-afterburner.mp3","Engage afterburner!","",""
"Mission Control","content","sonic-boom","sonic-boom.mp3","Sonic boom!","",""
"Mission Control","content","barrel-roll","barrel-roll.mp3","Barrel roll!","",""
"Mission Control","content","loopdeloop","loopdeloop.mp3","Loop-de-loop!","",""
"Mission Control","content","entering-orbit","entering-orbit.mp3","Entering orbit!","",""
"Mission Control","content","engage-warp-drive","engage-warp-drive.mp3","Engage warp drive!","",""
"Mission Control","content","hyperdrive","hyperdrive.mp3","Hyperdrive!","",""
"Mission Control","content","asteroid-field-weave","asteroid-field-weave.mp3","Asteroid field — weave!","",""
"Mission Control","content","aliens-spotted-wave-hello","aliens-spotted-wave-hello.mp3","Aliens spotted — wave hello!","",""
"Mission Control","content","ufo-at-twelve-oclock","ufo-at-twelve-oclock.mp3","UFO at twelve oclock!","",""
"Mission Control","content","float-in-zero-gravity","float-in-zero-gravity.mp3","Float in zero gravity!","",""
"Mission Control","content","travel-to-another-galaxy","travel-to-another-galaxy.mp3","Travel to another galaxy!","",""
"Mission Control","content","slingshot-around-the-planet","slingshot-around-the-planet.mp3","Slingshot around the planet!","",""
"Mission Control","content","orbit-the-earth","orbit-the-earth.mp3","Orbit the Earth!","",""
"Mission Control","content","make-a-wish-on-a-shooting-star","make-a-wish-on-a-shooting-star.mp3","Make a wish on a shooting star!","",""
"Mission Control","content","open-the-cargo-bay","open-the-cargo-bay.mp3","Open the cargo bay!","",""
"Mission Control","content","inverted-flight-upside-down","inverted-flight-upside-down.mp3","Inverted flight — upside down!","",""
"Mission Control","content","corkscrew-through-the-stars","corkscrew-through-the-stars.mp3","Corkscrew through the stars!","",""
"Mission Control","content","dock-with-the-space-station","dock-with-the-space-station.mp3","Dock with the space station!","",""
"Mission Control","content","repair-the-satellite","repair-the-satellite.mp3","Repair the satellite!","",""
"Mission Control","content","spacewalk","spacewalk.mp3","Spacewalk!","",""
"Mission Control","content","land-on-the-moon","land-on-the-moon.mp3","Land on the moon!","",""
"Mission Control","content","plant-the-flag","plant-the-flag.mp3","Plant the flag!","",""
"Mission Control","content","collect-moon-rocks","collect-moon-rocks.mp3","Collect moon rocks!","",""
"Mission Control","content","adjust-the-antenna","adjust-the-antenna.mp3","Adjust the antenna!","",""
"Mission Control","content","bounce-on-the-moon","bounce-on-the-moon.mp3","Bounce on the moon!","",""
"Mission Control","content","wave-at-earth","wave-at-earth.mp3","Wave at Earth!","",""
"Mission Control","content","eat-space-food","eat-space-food.mp3","Eat space food!","",""
"Mission Control","content","take-a-selfie-with-the-stars","take-a-selfie-with-the-stars.mp3","Take a selfie with the stars!","",""
"Mission Control","content","photograph-a-new-planet","photograph-a-new-planet.mp3","Photograph a new planet!","",""
"Mission Control","content","plant-a-seed-in-moon-soil","plant-a-seed-in-moon-soil.mp3","Plant a seed in moon soil!","",""
"Mission Control","content","send-a-message-back-to-earth","send-a-message-back-to-earth.mp3","Send a message back to Earth!","",""
"Mission Control","content","begin-reentry-sequence","begin-reentry-sequence.mp3","Begin re-entry sequence!","",""
"Mission Control","content","heat-shield-engaged","heat-shield-engaged.mp3","Heat shield engaged!","",""
"Mission Control","content","brace-for-impact","brace-for-impact.mp3","Brace for impact!","",""
"Mission Control","content","approach-the-landing-zone","approach-the-landing-zone.mp3","Approach the landing zone!","",""
"Mission Control","content","slow-your-descent","slow-your-descent.mp3","Slow your descent!","",""
"Mission Control","content","deploy-parachutes","deploy-parachutes.mp3","Deploy parachutes!","",""
"Mission Control","content","landing-gear-out","landing-gear-out.mp3","Landing gear out!","",""
"Mission Control","content","touch-down-smooth-landing","touch-down-smooth-landing.mp3","Touch down — smooth landing!","",""
"Mission Control","content","power-down-the-engines","power-down-the-engines.mp3","Power down the engines!","",""
"Mission Control","content","mission-accomplished","mission-accomplished.mp3","Mission accomplished!","",""
"Mission Control","content","welcome-back-pilot","welcome-back-pilot.mp3","Welcome back, pilot!","",""
"Mission Control","content","take-a-bow-for-mission-control","take-a-bow-for-mission-control.mp3","Take a bow for Mission Control!","",""
"Mission Control","content","fuel-critical","fuel-critical.mp3","FUEL CRITICAL!","",""
"Mission Control","content","engine-sputtering","engine-sputtering.mp3","Engine sputtering!","",""
"Mission Control","content","eject-eject","eject-eject.mp3","EJECT! EJECT!","",""
"Mission Control","content","pull-the-parachute","pull-the-parachute.mp3","Pull the parachute!","",""
"Mission Control","content","safe-landing-phew","safe-landing-phew.mp3","Safe landing — phew!","",""
"Mission Control","content","meteor-incoming","meteor-incoming.mp3","METEOR INCOMING!","",""
"Mission Control","content","dodge-left","dodge-left.mp3","DODGE LEFT!","",""
"Mission Control","content","dodge-right","dodge-right.mp3","DODGE RIGHT!","",""
"Mission Control","content","damage-report-minor","damage-report-minor.mp3","Damage report — minor!","",""
"Mission Control","content","engine-glitch-wiggle-the-ship","engine-glitch-wiggle-the-ship.mp3","Engine glitch! Wiggle the ship!","",""
"Mission Control","content","run-the-diagnostic","run-the-diagnostic.mp3","Run the diagnostic!","",""
"Mission Control","content","tap-the-dashboard-hard","tap-the-dashboard-hard.mp3","Tap the dashboard hard!","",""
"Mission Control","content","engines-back-online","engines-back-online.mp3","Engines back online!","",""
"Mission Control","content","ufo-on-the-radar","ufo-on-the-radar.mp3","UFO on the radar!","",""
"Mission Control","content","hail-them-wave-hello","hail-them-wave-hello.mp3","Hail them — wave hello!","",""
"Mission Control","content","friendly-aliens-share-a-snack","friendly-aliens-share-a-snack.mp3","Friendly aliens — share a snack!","",""
"Mission Control","content","they-wave-goodbye","they-wave-goodbye.mp3","They wave goodbye!","",""
"Weather Report","system","its-pouring-rain","its-pouring-rain.mp3","It's pouring rain!","","Test Voice button line — overlaps with weather pool"
"Weather Report","system","thats-all-for-todays-weather","thats-all-for-todays-weather.mp3","That's all for today's weather!","","closing line"
"Weather Report","content","its-raining","its-raining.mp3","It's raining!","",""
"Weather Report","content","its-pouring","its-pouring.mp3","It's pouring!","",""
"Weather Report","content","just-a-drizzle","just-a-drizzle.mp3","Just a drizzle.","",""
"Weather Report","content","heavy-downpour","heavy-downpour.mp3","Heavy downpour!","",""
"Weather Report","content","sun-shower","sun-shower.mp3","Sun shower!","",""
"Weather Report","content","thunderstorm-rolling-in","thunderstorm-rolling-in.mp3","Thunderstorm rolling in!","",""
"Weather Report","content","light-sprinkle","light-sprinkle.mp3","Light sprinkle.","",""
"Weather Report","content","pitterpatter-rain","pitterpatter-rain.mp3","Pitter-patter rain.","",""
"Weather Report","content","storm-warning","storm-warning.mp3","Storm warning!","",""
"Weather Report","content","steady-rain-all-day","steady-rain-all-day.mp3","Steady rain all day.","",""
"Weather Report","content","dark-clouds-gathering","dark-clouds-gathering.mp3","Dark clouds gathering.","",""
"Weather Report","content","cloudburst","cloudburst.mp3","Cloudburst!","",""
"Weather Report","content","snow-is-falling","snow-is-falling.mp3","Snow is falling!","",""
"Weather Report","content","its-snowing-buckets","its-snowing-buckets.mp3","It's snowing buckets!","",""
"Weather Report","content","blizzard-incoming","blizzard-incoming.mp3","Blizzard incoming!","",""
"Weather Report","content","frosty-morning","frosty-morning.mp3","Frosty morning!","",""
"Weather Report","content","hailstones","hailstones.mp3","Hailstones!","",""
"Weather Report","content","ice-everywhere","ice-everywhere.mp3","Ice everywhere!","",""
"Weather Report","content","big-fluffy-flakes","big-fluffy-flakes.mp3","Big fluffy flakes!","",""
"Weather Report","content","freezing-rain","freezing-rain.mp3","Freezing rain!","",""
"Weather Report","content","snowflakes-drifting-down","snowflakes-drifting-down.mp3","Snowflakes drifting down.","",""
"Weather Report","content","brrr-bundle-up","brrr-bundle-up.mp3","Brrr — bundle up!","",""
"Weather Report","content","heatwave","heatwave.mp3","Heatwave!","",""
"Weather Report","content","scorching-sun","scorching-sun.mp3","Scorching sun!","",""
"Weather Report","content","sweltering-hot","sweltering-hot.mp3","Sweltering hot!","",""
"Weather Report","content","sunny-day","sunny-day.mp3","Sunny day!","",""
"Weather Report","content","beach-weather","beach-weather.mp3","Beach weather!","",""
"Weather Report","content","sizzling-sidewalk","sizzling-sidewalk.mp3","Sizzling sidewalk!","",""
"Weather Report","content","suns-out-funs-out","suns-out-funs-out.mp3","Sun's out, fun's out!","",""
"Weather Report","content","tropical-sunshine","tropical-sunshine.mp3","Tropical sunshine!","",""
"Weather Report","content","boiling-hot","boiling-hot.mp3","Boiling hot!","",""
"Weather Report","content","windy-day","windy-day.mp3","Windy day!","",""
"Weather Report","content","gusty-wind","gusty-wind.mp3","Gusty wind!","",""
"Weather Report","content","tornado-warning","tornado-warning.mp3","Tornado warning!","",""
"Weather Report","content","strong-breeze","strong-breeze.mp3","Strong breeze!","",""
"Weather Report","content","hurricane-winds","hurricane-winds.mp3","Hurricane winds!","",""
"Weather Report","content","whirlwind","whirlwind.mp3","Whirlwind!","",""
"Weather Report","content","leaves-swirling","leaves-swirling.mp3","Leaves swirling!","",""
"Weather Report","content","big-puff-of-wind","big-puff-of-wind.mp3","Big puff of wind!","",""
"Weather Report","content","wind-howling","wind-howling.mp3","Wind howling!","",""
"Weather Report","content","foggy-morning","foggy-morning.mp3","Foggy morning!","",""
"Weather Report","content","misty-meadow","misty-meadow.mp3","Misty meadow!","",""
"Weather Report","content","peasoup-fog","peasoup-fog.mp3","Pea-soup fog!","",""
"Weather Report","content","steamy-air","steamy-air.mp3","Steamy air!","",""
"Weather Report","content","muggy-and-sticky","muggy-and-sticky.mp3","Muggy and sticky!","",""
"Weather Report","content","humid-heat","humid-heat.mp3","Humid heat!","",""
"Weather Report","content","hazy-day","hazy-day.mp3","Hazy day!","",""
"Weather Report","content","a-rainbow","a-rainbow.mp3","A rainbow!","",""
"Weather Report","content","double-rainbow","double-rainbow.mp3","Double rainbow!","",""
"Weather Report","content","eye-of-the-storm","eye-of-the-storm.mp3","Eye of the storm!","",""
"Weather Report","content","lightning-strike","lightning-strike.mp3","Lightning strike!","",""
"Weather Report","content","solar-eclipse","solar-eclipse.mp3","Solar eclipse!","",""
"Weather Report","content","aurora-borealis","aurora-borealis.mp3","Aurora borealis!","",""
"Weather Report","content","meteor-shower","meteor-shower.mp3","Meteor shower!","",""
"Weather Report","content","golden-hour-glow","golden-hour-glow.mp3","Golden hour glow.","",""
"Weather Report","content","jump-in-muddy-puddles","jump-in-muddy-puddles.mp3","Jump in muddy puddles!","",""
"Weather Report","content","splash-splash-splash","splash-splash-splash.mp3","Splash splash splash!","",""
"Weather Report","content","get-out-your-umbrella","get-out-your-umbrella.mp3","Get out your umbrella!","",""
"Weather Report","content","hop-over-the-puddles","hop-over-the-puddles.mp3","Hop over the puddles!","",""
"Weather Report","content","catch-raindrops-on-your-tongue","catch-raindrops-on-your-tongue.mp3","Catch raindrops on your tongue!","",""
"Weather Report","content","run-for-cover","run-for-cover.mp3","Run for cover!","",""
"Weather Report","content","dance-in-the-rain","dance-in-the-rain.mp3","Dance in the rain!","",""
"Weather Report","content","wiggle-like-a-wet-dog","wiggle-like-a-wet-dog.mp3","Wiggle like a wet dog!","",""
"Weather Report","content","squelch-in-the-mud","squelch-in-the-mud.mp3","Squelch in the mud!","",""
"Weather Report","content","look-for-a-rainbow","look-for-a-rainbow.mp3","Look for a rainbow!","",""
"Weather Report","content","dont-slip-on-the-ice","dont-slip-on-the-ice.mp3","Don't slip on the ice!","",""
"Weather Report","content","build-a-snowman","build-a-snowman.mp3","Build a snowman!","",""
"Weather Report","content","throw-a-snowball","throw-a-snowball.mp3","Throw a snowball!","",""
"Weather Report","content","catch-snowflakes-on-your-tongue","catch-snowflakes-on-your-tongue.mp3","Catch snowflakes on your tongue!","",""
"Weather Report","content","shiver-shiver-shake","shiver-shiver-shake.mp3","Shiver shiver shake!","",""
"Weather Report","content","stomp-through-the-snow","stomp-through-the-snow.mp3","Stomp through the snow!","",""
"Weather Report","content","slide-on-the-ice","slide-on-the-ice.mp3","Slide on the ice!","",""
"Weather Report","content","make-a-snow-angel","make-a-snow-angel.mp3","Make a snow angel!","",""
"Weather Report","content","skate-skate-skate","skate-skate-skate.mp3","Skate skate skate!","",""
"Weather Report","content","melt-like-ice-cream","melt-like-ice-cream.mp3","Melt like ice cream!","",""
"Weather Report","content","fan-yourself","fan-yourself.mp3","Fan yourself!","",""
"Weather Report","content","find-some-shade","find-some-shade.mp3","Find some shade!","",""
"Weather Report","content","drink-a-big-cold-drink","drink-a-big-cold-drink.mp3","Drink a big cold drink!","",""
"Weather Report","content","jump-in-the-pool","jump-in-the-pool.mp3","Jump in the pool!","",""
"Weather Report","content","sweat-sweat-sweat","sweat-sweat-sweat.mp3","Sweat sweat sweat!","",""
"Weather Report","content","slap-on-the-sunscreen","slap-on-the-sunscreen.mp3","Slap on the sunscreen!","",""
"Weather Report","content","lay-in-the-grass","lay-in-the-grass.mp3","Lay in the grass!","",""
"Weather Report","content","sip-some-lemonade","sip-some-lemonade.mp3","Sip some lemonade!","",""
"Weather Report","content","hold-onto-your-hat","hold-onto-your-hat.mp3","Hold onto your hat!","",""
"Weather Report","content","fly-like-a-kite","fly-like-a-kite.mp3","Fly like a kite!","",""
"Weather Report","content","lean-into-the-wind","lean-into-the-wind.mp3","Lean into the wind!","",""
"Weather Report","content","spin-like-a-leaf","spin-like-a-leaf.mp3","Spin like a leaf!","",""
"Weather Report","content","hair-flying-everywhere","hair-flying-everywhere.mp3","Hair flying everywhere!","",""
"Weather Report","content","spread-your-arms-soar","spread-your-arms-soar.mp3","Spread your arms — soar!","",""
"Weather Report","content","hold-tight-to-a-tree","hold-tight-to-a-tree.mp3","Hold tight to a tree!","",""
"Weather Report","content","wobble-side-to-side","wobble-side-to-side.mp3","Wobble side to side!","",""
"Weather Report","content","walk-veeery-slowly","walk-veeery-slowly.mp3","Walk veeery slowly!","",""
"Weather Report","content","wave-away-the-mist","wave-away-the-mist.mp3","Wave away the mist!","",""
"Weather Report","content","wipe-your-foggy-glasses","wipe-your-foggy-glasses.mp3","Wipe your foggy glasses!","",""
"Weather Report","content","tippytoe-cant-see","tippytoe-cant-see.mp3","Tippy-toe — can't see!","",""
"Weather Report","content","swat-the-mosquitoes","swat-the-mosquitoes.mp3","Swat the mosquitoes!","",""
"Weather Report","content","take-a-deep-humid-breath","take-a-deep-humid-breath.mp3","Take a deep humid breath!","",""
"Weather Report","content","count-the-colors","count-the-colors.mp3","Count the colors!","",""
"Weather Report","content","make-a-wish","make-a-wish.mp3","Make a wish!","",""
"Weather Report","content","cover-your-ears-for-the-boom","cover-your-ears-for-the-boom.mp3","Cover your ears for the BOOM!","",""
"Weather Report","content","stargaze-in-awe","stargaze-in-awe.mp3","Stargaze in awe!","",""
"Weather Report","content","twirl-in-the-glow","twirl-in-the-glow.mp3","Twirl in the glow!","",""
"Weather Report","content","shield-your-eyes","shield-your-eyes.mp3","Shield your eyes!","",""
"Weather Report","content","sparkle-and-shine","sparkle-and-shine.mp3","Sparkle and shine!","",""